returnername,gamescore,returnPointProbability_top20,opponentScore,playerscore
Adrian Mannarino,0-0,.33333334,0,0
Adrian Mannarino,0-15,.2962963,0,1
Adrian Mannarino,0-30,.1875,0,2
Adrian Mannarino,0-40,1,0,3
Adrian Mannarino,15-0,.31481481,1,0
Adrian Mannarino,15-15,.22222222,1,1
Adrian Mannarino,15-30,.37931034,1,2
Adrian Mannarino,15-40,.090909094,1,3
Adrian Mannarino,30-0,.35135135,2,0
Adrian Mannarino,30-15,.34146342,2,1
Adrian Mannarino,30-30,.32608697,2,2
Adrian Mannarino,30-40,.47999999,2,3
Adrian Mannarino,40-0,.27083334,3,0
Adrian Mannarino,40-15,.34328359,3,1
Adrian Mannarino,40-30,.27777779,3,2
Adrian Mannarino,40-40,.27906978,3,3
Adrian Mannarino,40-50,.25,3,4
Adrian Mannarino,50-40,.19354838,4,3
Albert Montanes,0-0,.22222222,0,0
Albert Montanes,0-15,.5,0,1
Albert Montanes,0-30,0,0,2
Albert Montanes,15-0,.2857143,1,0
Albert Montanes,15-15,0,1,1
Albert Montanes,15-30,0,1,2
Albert Montanes,30-0,.60000002,2,0
Albert Montanes,30-15,.5,2,1
Albert Montanes,30-30,.25,2,2
Albert Montanes,30-40,0,2,3
Albert Montanes,40-0,.5,3,0
Albert Montanes,40-15,.5,3,1
Albert Montanes,40-30,.80000001,3,2
Albert Montanes,40-40,.42857143,3,3
Albert Montanes,40-50,.33333334,3,4
Albert Montanes,50-40,0,4,3
Albert Ramos,0-0,.32142857,0,0
Albert Ramos,0-15,0,0,1
Albert Ramos,15-0,.36842105,1,0
Albert Ramos,15-15,.3125,1,1
Albert Ramos,15-30,.60000002,1,2
Albert Ramos,15-40,.33333334,1,3
Albert Ramos,30-0,.083333336,2,0
Albert Ramos,30-15,.41666666,2,1
Albert Ramos,30-30,.42857143,2,2
Albert Ramos,30-40,.2,2,3
Albert Ramos,40-0,.36363637,3,0
Albert Ramos,40-15,.45454547,3,1
Albert Ramos,40-30,.66666669,3,2
Albert Ramos,40-40,.26666668,3,3
Albert Ramos,40-50,.75,3,4
Albert Ramos,50-40,.36363637,4,3
Albert Ramos-Vinolas,0-0,.27631578,0,0
Albert Ramos-Vinolas,0-15,.42857143,0,1
Albert Ramos-Vinolas,0-30,.44444445,0,2
Albert Ramos-Vinolas,0-40,.25,0,3
Albert Ramos-Vinolas,15-0,.23636363,1,0
Albert Ramos-Vinolas,15-15,.2,1,1
Albert Ramos-Vinolas,15-30,.40000001,1,2
Albert Ramos-Vinolas,15-40,.2857143,1,3
Albert Ramos-Vinolas,30-0,.19047619,2,0
Albert Ramos-Vinolas,30-15,.17857143,2,1
Albert Ramos-Vinolas,30-30,.27272728,2,2
Albert Ramos-Vinolas,30-40,.375,2,3
Albert Ramos-Vinolas,40-0,.2647059,3,0
Albert Ramos-Vinolas,40-15,.25,3,1
Albert Ramos-Vinolas,40-30,.375,3,2
Albert Ramos-Vinolas,40-40,.29411766,3,3
Albert Ramos-Vinolas,40-50,.40000001,3,4
Albert Ramos-Vinolas,50-40,.25,4,3
Alejandro Falla,0-0,.41666666,0,0
Alejandro Falla,0-15,0,0,1
Alejandro Falla,15-0,.14285715,1,0
Alejandro Falla,15-15,.33333334,1,1
Alejandro Falla,15-30,0,1,2
Alejandro Falla,30-0,.41666666,2,0
Alejandro Falla,30-15,.15384616,2,1
Alejandro Falla,30-30,.16666667,2,2
Alejandro Falla,30-40,1,2,3
Alejandro Falla,40-0,.42857143,3,0
Alejandro Falla,40-15,.2857143,3,1
Alejandro Falla,40-30,.33333334,3,2
Alejandro Falla,40-40,.40000001,3,3
Alejandro Falla,40-50,0,3,4
Alejandro Falla,50-40,0,4,3
Alejandro Gonzalez,0-0,.69999999,0,0
Alejandro Gonzalez,0-15,.2857143,0,1
Alejandro Gonzalez,0-30,.5,0,2
Alejandro Gonzalez,0-40,1,0,3
Alejandro Gonzalez,15-0,.33333334,1,0
Alejandro Gonzalez,15-15,.33333334,1,1
Alejandro Gonzalez,15-30,.66666669,1,2
Alejandro Gonzalez,15-40,0,1,3
Alejandro Gonzalez,30-0,.5,2,0
Alejandro Gonzalez,30-15,.2,2,1
Alejandro Gonzalez,30-30,0,2,2
Alejandro Gonzalez,30-40,0,2,3
Alejandro Gonzalez,40-0,1,3,0
Alejandro Gonzalez,40-15,.2,3,1
Alejandro Gonzalez,40-30,0,3,2
Alejandro Gonzalez,40-40,.40000001,3,3
Alejandro Gonzalez,40-50,0,3,4
Alejandro Gonzalez,50-40,.33333334,4,3
Alexander Zverev,0-0,.38636363,0,0
Alexander Zverev,0-15,.52941179,0,1
Alexander Zverev,0-30,.55555558,0,2
Alexander Zverev,0-40,.40000001,0,3
Alexander Zverev,15-0,.2962963,1,0
Alexander Zverev,15-15,.125,1,1
Alexander Zverev,15-30,.16666667,1,2
Alexander Zverev,15-40,.5,1,3
Alexander Zverev,30-0,.31578946,2,0
Alexander Zverev,30-15,.25,2,1
Alexander Zverev,30-30,.1,2,2
Alexander Zverev,30-40,1,2,3
Alexander Zverev,40-0,.23076923,3,0
Alexander Zverev,40-15,.3888889,3,1
Alexander Zverev,40-30,.3125,3,2
Alexander Zverev,40-40,.44444445,3,3
Alexander Zverev,40-50,.25,3,4
Alexander Zverev,50-40,.2,4,3
Alexandr Dolgopolov,0-0,.35772356,0,0
Alexandr Dolgopolov,0-15,.40909091,0,1
Alexandr Dolgopolov,0-30,.44444445,0,2
Alexandr Dolgopolov,0-40,.25,0,3
Alexandr Dolgopolov,15-0,.32911393,1,0
Alexandr Dolgopolov,15-15,.32692307,1,1
Alexandr Dolgopolov,15-30,.2962963,1,2
Alexandr Dolgopolov,15-40,.5714286,1,3
Alexandr Dolgopolov,30-0,.32075471,2,0
Alexandr Dolgopolov,30-15,.36538461,2,1
Alexandr Dolgopolov,30-30,.28947368,2,2
Alexandr Dolgopolov,30-40,.47058824,2,3
Alexandr Dolgopolov,40-0,.3611111,3,0
Alexandr Dolgopolov,40-15,.41304347,3,1
Alexandr Dolgopolov,40-30,.45652175,3,2
Alexandr Dolgopolov,40-40,.41999999,3,3
Alexandr Dolgopolov,40-50,.2857143,3,4
Alexandr Dolgopolov,50-40,.1724138,4,3
Aljaz Bedene,0-0,.34999999,0,0
Aljaz Bedene,0-15,.19047619,0,1
Aljaz Bedene,0-30,.5,0,2
Aljaz Bedene,0-40,1,0,3
Aljaz Bedene,15-0,.23076923,1,0
Aljaz Bedene,15-15,.30769232,1,1
Aljaz Bedene,15-30,.2,1,2
Aljaz Bedene,15-40,.5,1,3
Aljaz Bedene,30-0,.5,2,0
Aljaz Bedene,30-15,.30303031,2,1
Aljaz Bedene,30-30,.22222222,2,2
Aljaz Bedene,30-40,.60000002,2,3
Aljaz Bedene,40-0,.26666668,3,0
Aljaz Bedene,40-15,.22222222,3,1
Aljaz Bedene,40-30,.40000001,3,2
Aljaz Bedene,40-40,.2631579,3,3
Aljaz Bedene,40-50,.40000001,3,4
Aljaz Bedene,50-40,.42857143,4,3
Andrea Arnaboldi,0-0,.42307693,0,0
Andrea Arnaboldi,0-15,.18181819,0,1
Andrea Arnaboldi,0-30,.5,0,2
Andrea Arnaboldi,0-40,1,0,3
Andrea Arnaboldi,15-0,.2,1,0
Andrea Arnaboldi,15-15,.41666666,1,1
Andrea Arnaboldi,15-30,0,1,2
Andrea Arnaboldi,30-0,.16666667,2,0
Andrea Arnaboldi,30-15,.22222222,2,1
Andrea Arnaboldi,30-30,.375,2,2
Andrea Arnaboldi,30-40,.33333334,2,3
Andrea Arnaboldi,40-0,.1,3,0
Andrea Arnaboldi,40-15,.375,3,1
Andrea Arnaboldi,40-30,0,3,2
Andrea Arnaboldi,40-40,.33333334,3,3
Andrea Arnaboldi,40-50,0,3,4
Andrea Arnaboldi,50-40,0,4,3
Andreas Haider-Maurer,0-0,.28148147,0,0
Andreas Haider-Maurer,0-15,.34210527,0,1
Andreas Haider-Maurer,0-30,.38461539,0,2
Andreas Haider-Maurer,0-40,.60000002,0,3
Andreas Haider-Maurer,15-0,.21649484,1,0
Andreas Haider-Maurer,15-15,.2173913,1,1
Andreas Haider-Maurer,15-30,.22222222,1,2
Andreas Haider-Maurer,15-40,.33333334,1,3
Andreas Haider-Maurer,30-0,.22368421,2,0
Andreas Haider-Maurer,30-15,.24528302,2,1
Andreas Haider-Maurer,30-30,.22222222,2,2
Andreas Haider-Maurer,30-40,.30000001,2,3
Andreas Haider-Maurer,40-0,.25423729,3,0
Andreas Haider-Maurer,40-15,.36363637,3,1
Andreas Haider-Maurer,40-30,.2682927,3,2
Andreas Haider-Maurer,40-40,.37142858,3,3
Andreas Haider-Maurer,40-50,.53846157,3,4
Andreas Haider-Maurer,50-40,.5,4,3
Andreas Seppi,0-0,.3275862,0,0
Andreas Seppi,0-15,.3859649,0,1
Andreas Seppi,0-30,.36363637,0,2
Andreas Seppi,0-40,.5,0,3
Andreas Seppi,15-0,.30769232,1,0
Andreas Seppi,15-15,.33802816,1,1
Andreas Seppi,15-30,.28947368,1,2
Andreas Seppi,15-40,.33333334,1,3
Andreas Seppi,30-0,.30864197,2,0
Andreas Seppi,30-15,.30555555,2,1
Andreas Seppi,30-30,.26530612,2,2
Andreas Seppi,30-40,.34782609,2,3
Andreas Seppi,40-0,.3392857,3,0
Andreas Seppi,40-15,.34782609,3,1
Andreas Seppi,40-30,.34999999,3,2
Andreas Seppi,40-40,.25396827,3,3
Andreas Seppi,40-50,.375,3,4
Andreas Seppi,50-40,.36170211,4,3
Andrey Golubev,0-0,.375,0,0
Andrey Golubev,0-15,0,0,1
Andrey Golubev,15-0,.40000001,1,0
Andrey Golubev,15-15,.40000001,1,1
Andrey Golubev,15-30,0,1,2
Andrey Golubev,30-0,.33333334,2,0
Andrey Golubev,30-15,.25,2,1
Andrey Golubev,30-30,0,2,2
Andrey Golubev,40-0,1,3,0
Andrey Golubev,40-15,0,3,1
Andrey Golubev,40-30,0,3,2
Andrey Kuznetsov,0-0,.29166666,0,0
Andrey Kuznetsov,0-15,.2857143,0,1
Andrey Kuznetsov,0-30,.33333334,0,2
Andrey Kuznetsov,0-40,.5,0,3
Andrey Kuznetsov,15-0,.39215687,1,0
Andrey Kuznetsov,15-15,.34285715,1,1
Andrey Kuznetsov,15-30,.3125,1,2
Andrey Kuznetsov,15-40,.5,1,3
Andrey Kuznetsov,30-0,.29032257,2,0
Andrey Kuznetsov,30-15,.28125,2,1
Andrey Kuznetsov,30-30,.34999999,2,2
Andrey Kuznetsov,30-40,.30000001,2,3
Andrey Kuznetsov,40-0,.18181819,3,0
Andrey Kuznetsov,40-15,.44444445,3,1
Andrey Kuznetsov,40-30,.28,3,2
Andrey Kuznetsov,40-40,.25,3,3
Andrey Kuznetsov,40-50,.16666667,3,4
Andrey Kuznetsov,50-40,.27777779,4,3
Andrey Rublev,0-0,.16071428,0,0
Andrey Rublev,0-15,.22222222,0,1
Andrey Rublev,0-30,0,0,2
Andrey Rublev,15-0,.25531915,1,0
Andrey Rublev,15-15,.31578946,1,1
Andrey Rublev,15-30,.5,1,2
Andrey Rublev,15-40,.5,1,3
Andrey Rublev,30-0,.2,2,0
Andrey Rublev,30-15,.25,2,1
Andrey Rublev,30-30,.22222222,2,2
Andrey Rublev,30-40,0,2,3
Andrey Rublev,40-0,.2857143,3,0
Andrey Rublev,40-15,.17391305,3,1
Andrey Rublev,40-30,.45454547,3,2
Andrey Rublev,40-40,.083333336,3,3
Andrey Rublev,40-50,0,3,4
Andrey Rublev,50-40,.18181819,4,3
Andy Murray,0-0,.42091152,0,0
Andy Murray,0-15,.46496814,0,1
Andy Murray,0-30,.43835616,0,2
Andy Murray,0-40,.375,0,3
Andy Murray,15-0,.3888889,1,0
Andy Murray,15-15,.38690478,1,1
Andy Murray,15-30,.39622641,1,2
Andy Murray,15-40,.46774194,1,3
Andy Murray,30-0,.31060606,2,0
Andy Murray,30-15,.30555555,2,1
Andy Murray,30-30,.39814815,2,2
Andy Murray,30-40,.35526314,2,3
Andy Murray,40-0,.35164836,3,0
Andy Murray,40-15,.40151516,3,1
Andy Murray,40-30,.38135594,3,2
Andy Murray,40-40,.38124999,3,3
Andy Murray,40-50,.47540984,3,4
Andy Murray,50-40,.34343433,4,3
Austin Krajicek,0-0,.27419356,0,0
Austin Krajicek,0-15,.35294119,0,1
Austin Krajicek,0-30,.33333334,0,2
Austin Krajicek,0-40,.5,0,3
Austin Krajicek,15-0,.31111112,1,0
Austin Krajicek,15-15,.16,1,1
Austin Krajicek,15-30,.125,1,2
Austin Krajicek,15-40,0,1,3
Austin Krajicek,30-0,.12903225,2,0
Austin Krajicek,30-15,.31999999,2,1
Austin Krajicek,30-30,.33333334,2,2
Austin Krajicek,30-40,.14285715,2,3
Austin Krajicek,40-0,.2962963,3,0
Austin Krajicek,40-15,.16,3,1
Austin Krajicek,40-30,.21428572,3,2
Austin Krajicek,40-40,.33333334,3,3
Austin Krajicek,40-50,.33333334,3,4
Austin Krajicek,50-40,.41666666,4,3
Bastian Trinker,0-0,.14285715,0,0
Bastian Trinker,0-15,0,0,1
Bastian Trinker,15-0,0,1,0
Bastian Trinker,15-15,0,1,1
Bastian Trinker,30-0,.16666667,2,0
Bastian Trinker,30-15,.5,2,1
Bastian Trinker,30-30,1,2,2
Bastian Trinker,30-40,0,2,3
Bastian Trinker,40-0,.60000002,3,0
Bastian Trinker,40-15,.25,3,1
Bastian Trinker,40-30,0,3,2
Bastian Trinker,40-40,0,3,3
Bastian Trinker,50-40,0,4,3
Benjamin Balleret,0-0,.33333334,0,0
Benjamin Balleret,0-15,.66666669,0,1
Benjamin Balleret,0-30,0,0,2
Benjamin Balleret,15-0,.33333334,1,0
Benjamin Balleret,15-15,0,1,1
Benjamin Balleret,15-30,0,1,2
Benjamin Balleret,30-0,.5,2,0
Benjamin Balleret,30-15,.2,2,1
Benjamin Balleret,30-30,.33333334,2,2
Benjamin Balleret,30-40,1,2,3
Benjamin Balleret,40-0,.5,3,0
Benjamin Balleret,40-15,.40000001,3,1
Benjamin Balleret,40-30,.25,3,2
Benjamin Balleret,40-40,.5,3,3
Benjamin Balleret,40-50,0,3,4
Benjamin Balleret,50-40,0,4,3
Benjamin Becker,0-0,.46551725,0,0
Benjamin Becker,0-15,.33333334,0,1
Benjamin Becker,0-30,.22222222,0,2
Benjamin Becker,0-40,0,0,3
Benjamin Becker,15-0,.3548387,1,0
Benjamin Becker,15-15,.48275861,1,1
Benjamin Becker,15-30,.095238097,1,2
Benjamin Becker,15-40,.5,1,3
Benjamin Becker,30-0,.34999999,2,0
Benjamin Becker,30-15,.5,2,1
Benjamin Becker,30-30,.13333334,2,2
Benjamin Becker,30-40,.16666667,2,3
Benjamin Becker,40-0,.23076923,3,0
Benjamin Becker,40-15,.35714287,3,1
Benjamin Becker,40-30,.29032257,3,2
Benjamin Becker,40-40,.41379312,3,3
Benjamin Becker,40-50,.16666667,3,4
Benjamin Becker,50-40,.29411766,4,3
Benoit Paire,0-0,.31111112,0,0
Benoit Paire,0-15,.30952382,0,1
Benoit Paire,0-30,.07692308,0,2
Benoit Paire,0-40,1,0,3
Benoit Paire,15-0,.44086021,1,0
Benoit Paire,15-15,.31428573,1,1
Benoit Paire,15-30,.38235295,1,2
Benoit Paire,15-40,.46153846,1,3
Benoit Paire,30-0,.30769232,2,0
Benoit Paire,30-15,.296875,2,1
Benoit Paire,30-30,.32499999,2,2
Benoit Paire,30-40,.40000001,2,3
Benoit Paire,40-0,.27777779,3,0
Benoit Paire,40-15,.34545454,3,1
Benoit Paire,40-30,.30434781,3,2
Benoit Paire,40-40,.40350878,3,3
Benoit Paire,40-50,.39130434,3,4
Benoit Paire,50-40,.5,4,3
Bernard Tomic,0-0,.30054644,0,0
Bernard Tomic,0-15,.29090908,0,1
Bernard Tomic,0-30,.1875,0,2
Bernard Tomic,0-40,0,0,3
Bernard Tomic,15-0,.3671875,1,0
Bernard Tomic,15-15,.24418604,1,1
Bernard Tomic,15-30,.29411766,1,2
Bernard Tomic,15-40,.15384616,1,3
Bernard Tomic,30-0,.2345679,2,0
Bernard Tomic,30-15,.32142857,2,1
Bernard Tomic,30-30,.23529412,2,2
Bernard Tomic,30-40,.39130434,2,3
Bernard Tomic,40-0,.22580644,3,0
Bernard Tomic,40-15,.21126761,3,1
Bernard Tomic,40-30,.42592594,3,2
Bernard Tomic,40-40,.29850745,3,3
Bernard Tomic,40-50,.40000001,3,4
Bernard Tomic,50-40,.38297874,4,3
Blaz Kavcic,0-0,.36000001,0,0
Blaz Kavcic,0-15,.11111111,0,1
Blaz Kavcic,0-30,0,0,2
Blaz Kavcic,15-0,.4375,1,0
Blaz Kavcic,15-15,.13333334,1,1
Blaz Kavcic,15-30,.33333334,1,2
Blaz Kavcic,15-40,1,1,3
Blaz Kavcic,30-0,.44444445,2,0
Blaz Kavcic,30-15,.29411766,2,1
Blaz Kavcic,30-30,.2857143,2,2
Blaz Kavcic,30-40,.5,2,3
Blaz Kavcic,40-0,0,3,0
Blaz Kavcic,40-15,.16666667,3,1
Blaz Kavcic,40-30,.2857143,3,2
Blaz Kavcic,40-40,.2857143,3,3
Blaz Kavcic,40-50,.5,3,4
Blaz Kavcic,50-40,.60000002,4,3
Borna Coric,0-0,.32727271,0,0
Borna Coric,0-15,.22222222,0,1
Borna Coric,0-30,.41666666,0,2
Borna Coric,0-40,.2,0,3
Borna Coric,15-0,.27027026,1,0
Borna Coric,15-15,.34722221,1,1
Borna Coric,15-30,.125,1,2
Borna Coric,15-40,.5,1,3
Borna Coric,30-0,.32098764,2,0
Borna Coric,30-15,.26027396,2,1
Borna Coric,30-30,.19148937,2,2
Borna Coric,30-40,.30769232,2,3
Borna Coric,40-0,.27272728,3,0
Borna Coric,40-15,.24637681,3,1
Borna Coric,40-30,.21818182,3,2
Borna Coric,40-40,.43243244,3,3
Borna Coric,40-50,.4375,3,4
Borna Coric,50-40,.33333334,4,3
Carlos Berlocq,0-0,.28813559,0,0
Carlos Berlocq,0-15,.35294119,0,1
Carlos Berlocq,0-30,.33333334,0,2
Carlos Berlocq,0-40,1,0,3
Carlos Berlocq,15-0,.42857143,1,0
Carlos Berlocq,15-15,.31034482,1,1
Carlos Berlocq,15-30,.15384616,1,2
Carlos Berlocq,15-40,.5,1,3
Carlos Berlocq,30-0,.375,2,0
Carlos Berlocq,30-15,.31034482,2,1
Carlos Berlocq,30-30,.2,2,2
Carlos Berlocq,30-40,.2,2,3
Carlos Berlocq,40-0,.46666667,3,0
Carlos Berlocq,40-15,.2962963,3,1
Carlos Berlocq,40-30,.375,3,2
Carlos Berlocq,40-40,.18181819,3,3
Carlos Berlocq,40-50,.25,3,4
Carlos Berlocq,50-40,.33333334,4,3
Christian Lindell,0-0,.083333336,0,0
Christian Lindell,0-15,0,0,1
Christian Lindell,15-0,.27272728,1,0
Christian Lindell,15-15,.25,1,1
Christian Lindell,15-30,0,1,2
Christian Lindell,30-0,.25,2,0
Christian Lindell,30-15,.2,2,1
Christian Lindell,30-30,.5,2,2
Christian Lindell,30-40,0,2,3
Christian Lindell,40-0,0,3,0
Christian Lindell,40-15,.25,3,1
Christian Lindell,40-30,.5,3,2
Christian Lindell,40-40,0,3,3
Christian Lindell,50-40,.33333334,4,3
Damir Dzumhur,0-0,.27083334,0,0
Damir Dzumhur,0-15,.15384616,0,1
Damir Dzumhur,0-30,0,0,2
Damir Dzumhur,15-0,.2857143,1,0
Damir Dzumhur,15-15,.38095239,1,1
Damir Dzumhur,15-30,.5,1,2
Damir Dzumhur,15-40,0,1,3
Damir Dzumhur,30-0,.23999999,2,0
Damir Dzumhur,30-15,.31578946,2,1
Damir Dzumhur,30-30,.27272728,2,2
Damir Dzumhur,30-40,.375,2,3
Damir Dzumhur,40-0,.36842105,3,0
Damir Dzumhur,40-15,.30000001,3,1
Damir Dzumhur,40-30,.21428572,3,2
Damir Dzumhur,40-40,.2857143,3,3
Damir Dzumhur,40-50,.75,3,4
Damir Dzumhur,50-40,.5,4,3
Daniel Gimeno-Traver,0-0,.32876712,0,0
Daniel Gimeno-Traver,0-15,.33333334,0,1
Daniel Gimeno-Traver,0-30,.625,0,2
Daniel Gimeno-Traver,0-40,.2,0,3
Daniel Gimeno-Traver,15-0,.34693879,1,0
Daniel Gimeno-Traver,15-15,.33333334,1,1
Daniel Gimeno-Traver,15-30,.2857143,1,2
Daniel Gimeno-Traver,15-40,.5,1,3
Daniel Gimeno-Traver,30-0,.40625,2,0
Daniel Gimeno-Traver,30-15,.31428573,2,1
Daniel Gimeno-Traver,30-30,.23809524,2,2
Daniel Gimeno-Traver,30-40,.22222222,2,3
Daniel Gimeno-Traver,40-0,.47368422,3,0
Daniel Gimeno-Traver,40-15,.33333334,3,1
Daniel Gimeno-Traver,40-30,.22222222,3,2
Daniel Gimeno-Traver,40-40,.33333334,3,3
Daniel Gimeno-Traver,40-50,.42857143,3,4
Daniel Gimeno-Traver,50-40,.2857143,4,3
David Ferrer,0-0,.40069687,0,0
David Ferrer,0-15,.47826087,0,1
David Ferrer,0-30,.41818181,0,2
David Ferrer,0-40,.47826087,0,3
David Ferrer,15-0,.39534885,1,0
David Ferrer,15-15,.328125,1,1
David Ferrer,15-30,.45945945,1,2
David Ferrer,15-40,.32608697,1,3
David Ferrer,30-0,.39423078,2,0
David Ferrer,30-15,.4566929,2,1
David Ferrer,30-30,.37755102,2,2
David Ferrer,30-40,.45588234,2,3
David Ferrer,40-0,.44444445,3,0
David Ferrer,40-15,.2783505,3,1
David Ferrer,40-30,.36363637,3,2
David Ferrer,40-40,.42666668,3,3
David Ferrer,40-50,.3125,3,4
David Ferrer,50-40,.43023255,4,3
David Goffin,0-0,.34705883,0,0
David Goffin,0-15,.30508474,0,1
David Goffin,0-30,.16666667,0,2
David Goffin,0-40,.33333334,0,3
David Goffin,15-0,.37837839,1,0
David Goffin,15-15,.33734939,1,1
David Goffin,15-30,.46511629,1,2
David Goffin,15-40,.36363637,1,3
David Goffin,30-0,.23188406,2,0
David Goffin,30-15,.45070422,2,1
David Goffin,30-30,.29090908,2,2
David Goffin,30-40,.30000001,2,3
David Goffin,40-0,.39622641,3,0
David Goffin,40-15,.41666666,3,1
David Goffin,40-30,.25,3,2
David Goffin,40-40,.26666668,3,3
David Goffin,40-50,.4375,3,4
David Goffin,50-40,.31818181,4,3
Denis Istomin,0-0,.34482759,0,0
Denis Istomin,0-15,.25,0,1
Denis Istomin,0-30,.40000001,0,2
Denis Istomin,0-40,.5,0,3
Denis Istomin,15-0,.47368422,1,0
Denis Istomin,15-15,.21212122,1,1
Denis Istomin,15-30,.2,1,2
Denis Istomin,15-40,.66666669,1,3
Denis Istomin,30-0,.34999999,2,0
Denis Istomin,30-15,.15151516,2,1
Denis Istomin,30-30,.30769232,2,2
Denis Istomin,30-40,.2,2,3
Denis Istomin,40-0,.23076923,3,0
Denis Istomin,40-15,.22580644,3,1
Denis Istomin,40-30,.3125,3,2
Denis Istomin,40-40,.16666667,3,3
Denis Istomin,40-50,0,3,4
Denis Istomin,50-40,.40000001,4,3
Denis Kudla,0-0,.25,0,0
Denis Kudla,0-15,.33333334,0,1
Denis Kudla,0-30,.33333334,0,2
Denis Kudla,0-40,1,0,3
Denis Kudla,15-0,.4074074,1,0
Denis Kudla,15-15,.23529412,1,1
Denis Kudla,15-30,.33333334,1,2
Denis Kudla,15-40,0,1,3
Denis Kudla,30-0,.3125,2,0
Denis Kudla,30-15,.16666667,2,1
Denis Kudla,30-30,.5714286,2,2
Denis Kudla,30-40,0,2,3
Denis Kudla,40-0,.27272728,3,0
Denis Kudla,40-15,.11111111,3,1
Denis Kudla,40-30,.40000001,3,2
Denis Kudla,40-40,.30000001,3,3
Denis Kudla,40-50,.66666669,3,4
Denis Kudla,50-40,.14285715,4,3
Di Wu,0-0,.34615386,0,0
Di Wu,0-15,.55555558,0,1
Di Wu,0-30,.80000001,0,2
Di Wu,0-40,.25,0,3
Di Wu,15-0,.41176471,1,0
Di Wu,15-15,.36363637,1,1
Di Wu,15-30,.60000002,1,2
Di Wu,15-40,.66666669,1,3
Di Wu,30-0,.30000001,2,0
Di Wu,30-15,.40000001,2,1
Di Wu,30-30,.33333334,2,2
Di Wu,30-40,.5,2,3
Di Wu,40-0,.2857143,3,0
Di Wu,40-15,.25,3,1
Di Wu,40-30,.16666667,3,2
Di Wu,40-40,0,3,3
Di Wu,50-40,0,4,3
Diego Schwartzman,0-0,.34210527,0,0
Diego Schwartzman,0-15,.07692308,0,1
Diego Schwartzman,0-30,0,0,2
Diego Schwartzman,15-0,.36000001,1,0
Diego Schwartzman,15-15,.095238097,1,1
Diego Schwartzman,15-30,.66666669,1,2
Diego Schwartzman,15-40,1,1,3
Diego Schwartzman,30-0,.375,2,0
Diego Schwartzman,30-15,.23999999,2,1
Diego Schwartzman,30-30,.71428573,2,2
Diego Schwartzman,30-40,.40000001,2,3
Diego Schwartzman,40-0,.1,3,0
Diego Schwartzman,40-15,.2,3,1
Diego Schwartzman,40-30,.66666669,3,2
Diego Schwartzman,40-40,.5,3,3
Diego Schwartzman,40-50,.33333334,3,4
Diego Schwartzman,50-40,.16666667,4,3
Diego Sebastian Schwartzman,0-0,.28333333,0,0
Diego Sebastian Schwartzman,0-15,.47058824,0,1
Diego Sebastian Schwartzman,0-30,.25,0,2
Diego Sebastian Schwartzman,0-40,.5,0,3
Diego Sebastian Schwartzman,15-0,.18604651,1,0
Diego Sebastian Schwartzman,15-15,.41176471,1,1
Diego Sebastian Schwartzman,15-30,.38461539,1,2
Diego Sebastian Schwartzman,15-40,.66666669,1,3
Diego Sebastian Schwartzman,30-0,.34285715,2,0
Diego Sebastian Schwartzman,30-15,.31818181,2,1
Diego Sebastian Schwartzman,30-30,.40000001,2,2
Diego Sebastian Schwartzman,30-40,.125,2,3
Diego Sebastian Schwartzman,40-0,.39130434,3,0
Diego Sebastian Schwartzman,40-15,.41666666,3,1
Diego Sebastian Schwartzman,40-30,.36842105,3,2
Diego Sebastian Schwartzman,40-40,.48148149,3,3
Diego Sebastian Schwartzman,40-50,.46153846,3,4
Diego Sebastian Schwartzman,50-40,.42857143,4,3
Dominic Thiem,0-0,.35514018,0,0
Dominic Thiem,0-15,.31578946,0,1
Dominic Thiem,0-30,.58333331,0,2
Dominic Thiem,0-40,.14285715,0,3
Dominic Thiem,15-0,.30434781,1,0
Dominic Thiem,15-15,.38297874,1,1
Dominic Thiem,15-30,.30434781,1,2
Dominic Thiem,15-40,.15384616,1,3
Dominic Thiem,30-0,.29166666,2,0
Dominic Thiem,30-15,.39534885,2,1
Dominic Thiem,30-30,.36363637,2,2
Dominic Thiem,30-40,.26086956,2,3
Dominic Thiem,40-0,.20588236,3,0
Dominic Thiem,40-15,.24242425,3,1
Dominic Thiem,40-30,.20689656,3,2
Dominic Thiem,40-40,.42222223,3,3
Dominic Thiem,40-50,.42105263,3,4
Dominic Thiem,50-40,.42307693,4,3
Donald Young,0-0,.27777779,0,0
Donald Young,0-15,.25714287,0,1
Donald Young,0-30,.44444445,0,2
Donald Young,0-40,.25,0,3
Donald Young,15-0,.3956044,1,0
Donald Young,15-15,.43548387,1,1
Donald Young,15-30,.46875,1,2
Donald Young,15-40,.33333334,1,3
Donald Young,30-0,.34545454,2,0
Donald Young,30-15,.35185185,2,1
Donald Young,30-30,.30555555,2,2
Donald Young,30-40,.52173913,2,3
Donald Young,40-0,.25,3,0
Donald Young,40-15,.34090909,3,1
Donald Young,40-30,.47499999,3,2
Donald Young,40-40,.45588234,3,3
Donald Young,40-50,.38709676,3,4
Donald Young,50-40,.51351351,4,3
Dudi Sela,0-0,.25581396,0,0
Dudi Sela,0-15,.36363637,0,1
Dudi Sela,0-30,0,0,2
Dudi Sela,15-0,.25,1,0
Dudi Sela,15-15,.40000001,1,1
Dudi Sela,15-30,.40000001,1,2
Dudi Sela,15-40,0,1,3
Dudi Sela,30-0,.41666666,2,0
Dudi Sela,30-15,.052631579,2,1
Dudi Sela,30-30,.42857143,2,2
Dudi Sela,30-40,.2857143,2,3
Dudi Sela,40-0,.42857143,3,0
Dudi Sela,40-15,.45833334,3,1
Dudi Sela,40-30,.26666668,3,2
Dudi Sela,40-40,.25,3,3
Dudi Sela,40-50,.33333334,3,4
Dudi Sela,50-40,.11111111,4,3
Dusan Lajovic,0-0,.42553192,0,0
Dusan Lajovic,0-15,.34999999,0,1
Dusan Lajovic,0-30,.2857143,0,2
Dusan Lajovic,0-40,1,0,3
Dusan Lajovic,15-0,.37037036,1,0
Dusan Lajovic,15-15,.43478259,1,1
Dusan Lajovic,15-30,.26666668,1,2
Dusan Lajovic,15-40,0,1,3
Dusan Lajovic,30-0,.47058824,2,0
Dusan Lajovic,30-15,.19047619,2,1
Dusan Lajovic,30-30,.26666668,2,2
Dusan Lajovic,30-40,.375,2,3
Dusan Lajovic,40-0,.33333334,3,0
Dusan Lajovic,40-15,.5,3,1
Dusan Lajovic,40-30,.14285715,3,2
Dusan Lajovic,40-40,.26666668,3,3
Dusan Lajovic,40-50,.5,3,4
Dusan Lajovic,50-40,.45454547,4,3
Dustin Brown,0-0,.36065573,0,0
Dustin Brown,0-15,.36363637,0,1
Dustin Brown,0-30,.125,0,2
Dustin Brown,0-40,1,0,3
Dustin Brown,15-0,.38461539,1,0
Dustin Brown,15-15,.31034482,1,1
Dustin Brown,15-30,.25,1,2
Dustin Brown,15-40,0,1,3
Dustin Brown,30-0,.45833334,2,0
Dustin Brown,30-15,.25806451,2,1
Dustin Brown,30-30,.25,2,2
Dustin Brown,30-40,.22222222,2,3
Dustin Brown,40-0,.38461539,3,0
Dustin Brown,40-15,.32142857,3,1
Dustin Brown,40-30,.375,3,2
Dustin Brown,40-40,.32142857,3,3
Dustin Brown,40-50,.33333334,3,4
Dustin Brown,50-40,.31578946,4,3
Edouard Roger-Vasselin,0-0,.38095239,0,0
Edouard Roger-Vasselin,0-15,.29166666,0,1
Edouard Roger-Vasselin,0-30,.42857143,0,2
Edouard Roger-Vasselin,0-40,.33333334,0,3
Edouard Roger-Vasselin,15-0,.2820513,1,0
Edouard Roger-Vasselin,15-15,.35714287,1,1
Edouard Roger-Vasselin,15-30,.42857143,1,2
Edouard Roger-Vasselin,15-40,.25,1,3
Edouard Roger-Vasselin,30-0,.5,2,0
Edouard Roger-Vasselin,30-15,.375,2,1
Edouard Roger-Vasselin,30-30,.34999999,2,2
Edouard Roger-Vasselin,30-40,.46153846,2,3
Edouard Roger-Vasselin,40-0,.64285713,3,0
Edouard Roger-Vasselin,40-15,.44827586,3,1
Edouard Roger-Vasselin,40-30,.38461539,3,2
Edouard Roger-Vasselin,40-40,.3548387,3,3
Edouard Roger-Vasselin,40-50,.18181819,3,4
Edouard Roger-Vasselin,50-40,.25,4,3
Eilas Ymer,0-0,.69999999,0,0
Eilas Ymer,0-15,.42857143,0,1
Eilas Ymer,0-30,0,0,2
Eilas Ymer,15-0,0,1,0
Eilas Ymer,15-15,.75,1,1
Eilas Ymer,15-30,.5,1,2
Eilas Ymer,15-40,.66666669,1,3
Eilas Ymer,30-0,0,2,0
Eilas Ymer,30-15,1,2,1
Eilas Ymer,30-30,0,2,2
Eilas Ymer,30-40,0,2,3
Eilas Ymer,40-0,.66666669,3,0
Eilas Ymer,40-15,.5,3,1
Eilas Ymer,40-30,.60000002,3,2
Eilas Ymer,40-40,.33333334,3,3
Eilas Ymer,40-50,.5,3,4
Eilas Ymer,50-40,.25,4,3
Ernests Gulbis,0-0,.30612245,0,0
Ernests Gulbis,0-15,.2,0,1
Ernests Gulbis,0-30,.66666669,0,2
Ernests Gulbis,0-40,.5,0,3
Ernests Gulbis,15-0,.2647059,1,0
Ernests Gulbis,15-15,.26190478,1,1
Ernests Gulbis,15-30,.46153846,1,2
Ernests Gulbis,15-40,.25,1,3
Ernests Gulbis,30-0,.38,2,0
Ernests Gulbis,30-15,.23999999,2,1
Ernests Gulbis,30-30,.21052632,2,2
Ernests Gulbis,30-40,.30000001,2,3
Ernests Gulbis,40-0,.22580644,3,0
Ernests Gulbis,40-15,.42222223,3,1
Ernests Gulbis,40-30,.23529412,3,2
Ernests Gulbis,40-40,.44827586,3,3
Ernests Gulbis,40-50,.38461539,3,4
Ernests Gulbis,50-40,.375,4,3
Evgeny Donskoy,0-0,.33333334,0,0
Evgeny Donskoy,0-15,.27272728,0,1
Evgeny Donskoy,0-30,0,0,2
Evgeny Donskoy,15-0,.40909091,1,0
Evgeny Donskoy,15-15,.23529412,1,1
Evgeny Donskoy,15-30,.2857143,1,2
Evgeny Donskoy,15-40,.5,1,3
Evgeny Donskoy,30-0,.30769232,2,0
Evgeny Donskoy,30-15,.35294119,2,1
Evgeny Donskoy,30-30,.18181819,2,2
Evgeny Donskoy,30-40,0,2,3
Evgeny Donskoy,40-0,.11111111,3,0
Evgeny Donskoy,40-15,.41666666,3,1
Evgeny Donskoy,40-30,.2857143,3,2
Evgeny Donskoy,40-40,.15384616,3,3
Evgeny Donskoy,40-50,0,3,4
Evgeny Donskoy,50-40,.36363637,4,3
Fabio Fognini,0-0,.3881579,0,0
Fabio Fognini,0-15,.44067797,0,1
Fabio Fognini,0-30,.61538464,0,2
Fabio Fognini,0-40,.3125,0,3
Fabio Fognini,15-0,.33333334,1,0
Fabio Fognini,15-15,.34375,1,1
Fabio Fognini,15-30,.1875,1,2
Fabio Fognini,15-40,.35294119,1,3
Fabio Fognini,30-0,.43548387,2,0
Fabio Fognini,30-15,.43478259,2,1
Fabio Fognini,30-30,.39285713,2,2
Fabio Fognini,30-40,.30303031,2,3
Fabio Fognini,40-0,.31428573,3,0
Fabio Fognini,40-15,.25999999,3,1
Fabio Fognini,40-30,.46808511,3,2
Fabio Fognini,40-40,.43055555,3,3
Fabio Fognini,40-50,.51612902,3,4
Fabio Fognini,50-40,.29268292,4,3
Facundo Arguello,0-0,.14285715,0,0
Facundo Arguello,0-15,.66666669,0,1
Facundo Arguello,0-30,1,0,2
Facundo Arguello,0-40,0,0,3
Facundo Arguello,15-0,.33333334,1,0
Facundo Arguello,15-15,.14285715,1,1
Facundo Arguello,15-30,0,1,2
Facundo Arguello,15-40,.5,1,3
Facundo Arguello,30-0,.33333334,2,0
Facundo Arguello,30-15,.30000001,2,1
Facundo Arguello,30-30,0,2,2
Facundo Arguello,30-40,1,2,3
Facundo Arguello,40-0,.375,3,0
Facundo Arguello,40-15,.2,3,1
Facundo Arguello,40-30,.16666667,3,2
Facundo Arguello,40-40,.25,3,3
Facundo Arguello,40-50,0,3,4
Facundo Arguello,50-40,.66666669,4,3
Federico Delbonis,0-0,.26153848,0,0
Federico Delbonis,0-15,.35294119,0,1
Federico Delbonis,0-30,.33333334,0,2
Federico Delbonis,0-40,.5,0,3
Federico Delbonis,15-0,.45833334,1,0
Federico Delbonis,15-15,.18181819,1,1
Federico Delbonis,15-30,.2,1,2
Federico Delbonis,15-40,.33333334,1,3
Federico Delbonis,30-0,.1923077,2,0
Federico Delbonis,30-15,.25,2,1
Federico Delbonis,30-30,.3125,2,2
Federico Delbonis,30-40,.71428573,2,3
Federico Delbonis,40-0,.2857143,3,0
Federico Delbonis,40-15,.26666668,3,1
Federico Delbonis,40-30,.31578946,3,2
Federico Delbonis,40-40,.33333334,3,3
Federico Delbonis,40-50,.25,3,4
Federico Delbonis,50-40,.125,4,3
Feliciano Lopez,0-0,.28078818,0,0
Feliciano Lopez,0-15,.24561404,0,1
Feliciano Lopez,0-30,.2857143,0,2
Feliciano Lopez,0-40,.25,0,3
Feliciano Lopez,15-0,.34931508,1,0
Feliciano Lopez,15-15,.22340426,1,1
Feliciano Lopez,15-30,.38709676,1,2
Feliciano Lopez,15-40,.33333334,1,3
Feliciano Lopez,30-0,.31578946,2,0
Feliciano Lopez,30-15,.32038835,2,1
Feliciano Lopez,30-30,.26923078,2,2
Feliciano Lopez,30-40,.29166666,2,3
Feliciano Lopez,40-0,.33846155,3,0
Feliciano Lopez,40-15,.28260869,3,1
Feliciano Lopez,40-30,.234375,3,2
Feliciano Lopez,40-40,.3392857,3,3
Feliciano Lopez,40-50,.21052632,3,4
Feliciano Lopez,50-40,.24324325,4,3
Fernando Verdasco,0-0,.33990148,0,0
Fernando Verdasco,0-15,.30434781,0,1
Fernando Verdasco,0-30,.23809524,0,2
Fernando Verdasco,0-40,.2,0,3
Fernando Verdasco,15-0,.34328359,1,0
Fernando Verdasco,15-15,.22340426,1,1
Fernando Verdasco,15-30,.32432431,1,2
Fernando Verdasco,15-40,.25,1,3
Fernando Verdasco,30-0,.32954547,2,0
Fernando Verdasco,30-15,.29411766,2,1
Fernando Verdasco,30-30,.34545454,2,2
Fernando Verdasco,30-40,.22580644,2,3
Fernando Verdasco,40-0,.30508474,3,0
Fernando Verdasco,40-15,.27777779,3,1
Fernando Verdasco,40-30,.3114754,3,2
Fernando Verdasco,40-40,.34210527,3,3
Fernando Verdasco,40-50,.42307693,3,4
Fernando Verdasco,50-40,.36000001,4,3
Filip Krajinovic,0-0,.3877551,0,0
Filip Krajinovic,0-15,.2631579,0,1
Filip Krajinovic,0-30,.60000002,0,2
Filip Krajinovic,0-40,0,0,3
Filip Krajinovic,15-0,.30000001,1,0
Filip Krajinovic,15-15,.43478259,1,1
Filip Krajinovic,15-30,.41666666,1,2
Filip Krajinovic,15-40,.125,1,3
Filip Krajinovic,30-0,.2857143,2,0
Filip Krajinovic,30-15,.36842105,2,1
Filip Krajinovic,30-30,.2857143,2,2
Filip Krajinovic,30-40,.63636363,2,3
Filip Krajinovic,40-0,.33333334,3,0
Filip Krajinovic,40-15,.17647059,3,1
Filip Krajinovic,40-30,.46153846,3,2
Filip Krajinovic,40-40,.27272728,3,3
Filip Krajinovic,40-50,.66666669,3,4
Filip Krajinovic,50-40,0,4,3
Florian Mayer,0-0,.29032257,0,0
Florian Mayer,0-15,.55555558,0,1
Florian Mayer,0-30,.2,0,2
Florian Mayer,0-40,0,0,3
Florian Mayer,15-0,.40909091,1,0
Florian Mayer,15-15,.53846157,1,1
Florian Mayer,15-30,.45454547,1,2
Florian Mayer,15-40,.5,1,3
Florian Mayer,30-0,.15384616,2,0
Florian Mayer,30-15,.25,2,1
Florian Mayer,30-30,.375,2,2
Florian Mayer,30-40,.16666667,2,3
Florian Mayer,40-0,.27272728,3,0
Florian Mayer,40-15,.22222222,3,1
Florian Mayer,40-30,.42857143,3,2
Florian Mayer,40-40,.22222222,3,3
Florian Mayer,40-50,.25,3,4
Florian Mayer,50-40,.5,4,3
Gael Monfils,0-0,.33112583,0,0
Gael Monfils,0-15,.28,0,1
Gael Monfils,0-30,.5,0,2
Gael Monfils,0-40,.42857143,0,3
Gael Monfils,15-0,.39603961,1,0
Gael Monfils,15-15,.39473686,1,1
Gael Monfils,15-30,.27027026,1,2
Gael Monfils,15-40,.35714287,1,3
Gael Monfils,30-0,.40983605,2,0
Gael Monfils,30-15,.45070422,2,1
Gael Monfils,30-30,.32203391,2,2
Gael Monfils,30-40,.35714287,2,3
Gael Monfils,40-0,.27777779,3,0
Gael Monfils,40-15,.30612245,3,1
Gael Monfils,40-30,.32727271,3,2
Gael Monfils,40-40,.30000001,3,3
Gael Monfils,40-50,.19047619,3,4
Gael Monfils,50-40,.34693879,4,3
Gerald Melzer,0-0,.40000001,0,0
Gerald Melzer,0-15,.33333334,0,1
Gerald Melzer,0-30,.5,0,2
Gerald Melzer,0-40,1,0,3
Gerald Melzer,15-0,.33333334,1,0
Gerald Melzer,15-15,.5714286,1,1
Gerald Melzer,15-30,.40000001,1,2
Gerald Melzer,15-40,0,1,3
Gerald Melzer,30-0,.66666669,2,0
Gerald Melzer,30-15,.42857143,2,1
Gerald Melzer,30-30,.33333334,2,2
Gerald Melzer,30-40,.5,2,3
Gerald Melzer,40-0,.5,3,0
Gerald Melzer,40-15,.40000001,3,1
Gerald Melzer,40-30,.33333334,3,2
Gerald Melzer,40-40,0,3,3
Gerald Melzer,50-40,.2,4,3
Germain Gigounon,0-0,.53846157,0,0
Germain Gigounon,0-15,.2857143,0,1
Germain Gigounon,0-30,0,0,2
Germain Gigounon,15-0,.66666669,1,0
Germain Gigounon,15-15,.11111111,1,1
Germain Gigounon,15-30,.66666669,1,2
Germain Gigounon,15-40,0,1,3
Germain Gigounon,30-0,.5,2,0
Germain Gigounon,30-15,.22222222,2,1
Germain Gigounon,30-30,.33333334,2,2
Germain Gigounon,30-40,.66666669,2,3
Germain Gigounon,40-0,1,3,0
Germain Gigounon,40-15,.125,3,1
Germain Gigounon,40-30,0,3,2
Germain Gigounon,40-40,.33333334,3,3
Germain Gigounon,40-50,0,3,4
Germain Gigounon,50-40,.5,4,3
Gilles Muller,0-0,.2361111,0,0
Gilles Muller,0-15,.39215687,0,1
Gilles Muller,0-30,.30000001,0,2
Gilles Muller,0-40,.33333334,0,3
Gilles Muller,15-0,.27272728,1,0
Gilles Muller,15-15,.40789473,1,1
Gilles Muller,15-30,.26666668,1,2
Gilles Muller,15-40,.1875,1,3
Gilles Muller,30-0,.2,2,0
Gilles Muller,30-15,.26086956,2,1
Gilles Muller,30-30,.29411766,2,2
Gilles Muller,30-40,.17857143,2,3
Gilles Muller,40-0,.27083334,3,0
Gilles Muller,40-15,.19480519,3,1
Gilles Muller,40-30,.35294119,3,2
Gilles Muller,40-40,.31343284,3,3
Gilles Muller,40-50,.33333334,3,4
Gilles Muller,50-40,.26086956,4,3
Gilles Simon,0-0,.33333334,0,0
Gilles Simon,0-15,.42253521,0,1
Gilles Simon,0-30,.43333334,0,2
Gilles Simon,0-40,.46153846,0,3
Gilles Simon,15-0,.40845069,1,0
Gilles Simon,15-15,.35353535,1,1
Gilles Simon,15-30,.48076922,1,2
Gilles Simon,15-40,.4375,1,3
Gilles Simon,30-0,.35714287,2,0
Gilles Simon,30-15,.27659574,2,1
Gilles Simon,30-30,.3018868,2,2
Gilles Simon,30-40,.41176471,2,3
Gilles Simon,40-0,.37037036,3,0
Gilles Simon,40-15,.35227272,3,1
Gilles Simon,40-30,.38235295,3,2
Gilles Simon,40-40,.28235295,3,3
Gilles Simon,40-50,.45833334,3,4
Gilles Simon,50-40,.42622951,4,3
Go Soeda,0-0,.12,0,0
Go Soeda,0-15,0,0,1
Go Soeda,15-0,.18181819,1,0
Go Soeda,15-15,.14285715,1,1
Go Soeda,15-30,0,1,2
Go Soeda,30-0,.27777779,2,0
Go Soeda,30-15,.27272728,2,1
Go Soeda,30-30,.5,2,2
Go Soeda,30-40,0,2,3
Go Soeda,40-0,.30769232,3,0
Go Soeda,40-15,.16666667,3,1
Go Soeda,40-30,0,3,2
Go Soeda,40-40,.25,3,3
Go Soeda,40-50,0,3,4
Go Soeda,50-40,.33333334,4,3
Grigor Dimitrov,0-0,.33536586,0,0
Grigor Dimitrov,0-15,.27272728,0,1
Grigor Dimitrov,0-30,.40000001,0,2
Grigor Dimitrov,0-40,.16666667,0,3
Grigor Dimitrov,15-0,.33944955,1,0
Grigor Dimitrov,15-15,.4025974,1,1
Grigor Dimitrov,15-30,.40000001,1,2
Grigor Dimitrov,15-40,.47619048,1,3
Grigor Dimitrov,30-0,.2638889,2,0
Grigor Dimitrov,30-15,.2923077,2,1
Grigor Dimitrov,30-30,.30232558,2,2
Grigor Dimitrov,30-40,.20833333,2,3
Grigor Dimitrov,40-0,.39622641,3,0
Grigor Dimitrov,40-15,.26865673,3,1
Grigor Dimitrov,40-30,.35416666,3,2
Grigor Dimitrov,40-40,.3275862,3,3
Grigor Dimitrov,40-50,.36842105,3,4
Grigor Dimitrov,50-40,.25641027,4,3
Guido Pella,0-0,.29411766,0,0
Guido Pella,0-15,.2,0,1
Guido Pella,0-30,0,0,2
Guido Pella,15-0,.083333336,1,0
Guido Pella,15-15,0,1,1
Guido Pella,15-30,0,1,2
Guido Pella,30-0,.18181819,2,0
Guido Pella,30-15,.42857143,2,1
Guido Pella,30-30,.25,2,2
Guido Pella,30-40,1,2,3
Guido Pella,40-0,.22222222,3,0
Guido Pella,40-15,.16666667,3,1
Guido Pella,40-30,0,3,2
Guillermo Garcia-Lopez,0-0,.36423841,0,0
Guillermo Garcia-Lopez,0-15,.34545454,0,1
Guillermo Garcia-Lopez,0-30,.31578946,0,2
Guillermo Garcia-Lopez,0-40,.66666669,0,3
Guillermo Garcia-Lopez,15-0,.375,1,0
Guillermo Garcia-Lopez,15-15,.33333334,1,1
Guillermo Garcia-Lopez,15-30,.27027026,1,2
Guillermo Garcia-Lopez,15-40,.5,1,3
Guillermo Garcia-Lopez,30-0,.40000001,2,0
Guillermo Garcia-Lopez,30-15,.33333334,2,1
Guillermo Garcia-Lopez,30-30,.29411766,2,2
Guillermo Garcia-Lopez,30-40,.2857143,2,3
Guillermo Garcia-Lopez,40-0,.27777779,3,0
Guillermo Garcia-Lopez,40-15,.3275862,3,1
Guillermo Garcia-Lopez,40-30,.34545454,3,2
Guillermo Garcia-Lopez,40-40,.42307693,3,3
Guillermo Garcia-Lopez,40-50,.30303031,3,4
Guillermo Garcia-Lopez,50-40,.46666667,4,3
Hiroki Moriya,0-0,.40000001,0,0
Hiroki Moriya,0-15,.5,0,1
Hiroki Moriya,0-30,.33333334,0,2
Hiroki Moriya,0-40,1,0,3
Hiroki Moriya,15-0,.33333334,1,0
Hiroki Moriya,15-15,.16666667,1,1
Hiroki Moriya,15-30,0,1,2
Hiroki Moriya,30-0,0,2,0
Hiroki Moriya,30-15,.2,2,1
Hiroki Moriya,30-30,.5,2,2
Hiroki Moriya,30-40,0,2,3
Hiroki Moriya,40-0,.33333334,3,0
Hiroki Moriya,40-15,.5,3,1
Hiroki Moriya,40-30,.2,3,2
Hiroki Moriya,40-40,0,3,3
Hiroki Moriya,50-40,0,4,3
Horacio Zeballos,0-0,.30000001,0,0
Horacio Zeballos,0-15,.16666667,0,1
Horacio Zeballos,0-30,1,0,2
Horacio Zeballos,0-40,0,0,3
Horacio Zeballos,15-0,.14285715,1,0
Horacio Zeballos,15-15,0,1,1
Horacio Zeballos,15-40,1,1,3
Horacio Zeballos,30-0,.083333336,2,0
Horacio Zeballos,30-15,0,2,1
Horacio Zeballos,40-0,.27272728,3,0
Horacio Zeballos,40-15,.36363637,3,1
Horacio Zeballos,40-30,.25,3,2
Horacio Zeballos,40-40,.40000001,3,3
Horacio Zeballos,40-50,0,3,4
Horacio Zeballos,50-40,.66666669,4,3
Hyeon Chung,0-0,.32258064,0,0
Hyeon Chung,0-15,.40000001,0,1
Hyeon Chung,0-30,.5,0,2
Hyeon Chung,0-40,0,0,3
Hyeon Chung,15-0,.19047619,1,0
Hyeon Chung,15-15,.30000001,1,1
Hyeon Chung,15-30,.60000002,1,2
Hyeon Chung,15-40,.40000001,1,3
Hyeon Chung,30-0,.11764706,2,0
Hyeon Chung,30-15,.22222222,2,1
Hyeon Chung,30-30,.5,2,2
Hyeon Chung,30-40,.80000001,2,3
Hyeon Chung,40-0,.33333334,3,0
Hyeon Chung,40-15,.083333336,3,1
Hyeon Chung,40-30,.33333334,3,2
Hyeon Chung,40-40,0,3,3
Hyeon Chung,50-40,0,4,3
Igor Sijsling,0-0,.25806451,0,0
Igor Sijsling,0-15,.25,0,1
Igor Sijsling,0-30,0,0,2
Igor Sijsling,15-0,.39130434,1,0
Igor Sijsling,15-15,.2,1,1
Igor Sijsling,15-30,.2,1,2
Igor Sijsling,15-40,0,1,3
Igor Sijsling,30-0,.21428572,2,0
Igor Sijsling,30-15,.33333334,2,1
Igor Sijsling,30-30,.66666669,2,2
Igor Sijsling,30-40,.2857143,2,3
Igor Sijsling,40-0,.27272728,3,0
Igor Sijsling,40-15,.30769232,3,1
Igor Sijsling,40-30,.2857143,3,2
Igor Sijsling,40-40,.11111111,3,3
Igor Sijsling,40-50,1,3,4
Igor Sijsling,50-40,.25,4,3
Illya Marchenko,0-0,.40000001,0,0
Illya Marchenko,0-15,.33333334,0,1
Illya Marchenko,0-30,.5,0,2
Illya Marchenko,0-40,0,0,3
Illya Marchenko,15-0,.11111111,1,0
Illya Marchenko,15-15,.40000001,1,1
Illya Marchenko,15-30,.66666669,1,2
Illya Marchenko,15-40,0,1,3
Illya Marchenko,30-0,.375,2,0
Illya Marchenko,30-15,0,2,1
Illya Marchenko,30-30,1,2,2
Illya Marchenko,30-40,0,2,3
Illya Marchenko,40-0,.2,3,0
Illya Marchenko,40-15,.14285715,3,1
Illya Marchenko,40-30,1,3,2
Illya Marchenko,40-40,.14285715,3,3
Illya Marchenko,40-50,1,3,4
Illya Marchenko,50-40,.33333334,4,3
Ivan Dodig,0-0,.40425533,0,0
Ivan Dodig,0-15,.42105263,0,1
Ivan Dodig,0-30,.25,0,2
Ivan Dodig,0-40,0,0,3
Ivan Dodig,15-0,.2857143,1,0
Ivan Dodig,15-15,.15789473,1,1
Ivan Dodig,15-30,.11111111,1,2
Ivan Dodig,15-40,.66666669,1,3
Ivan Dodig,30-0,.25,2,0
Ivan Dodig,30-15,.2857143,2,1
Ivan Dodig,30-30,.2857143,2,2
Ivan Dodig,30-40,.2,2,3
Ivan Dodig,40-0,.26666668,3,0
Ivan Dodig,40-15,.2631579,3,1
Ivan Dodig,40-30,.46666667,3,2
Ivan Dodig,40-40,.27272728,3,3
Ivan Dodig,40-50,.5,3,4
Ivan Dodig,50-40,.5,4,3
Ivo Karlovic,0-0,.29081634,0,0
Ivo Karlovic,0-15,.19298245,0,1
Ivo Karlovic,0-30,.27272728,0,2
Ivo Karlovic,0-40,0,0,3
Ivo Karlovic,15-0,.26618704,1,0
Ivo Karlovic,15-15,.20481928,1,1
Ivo Karlovic,15-30,.28,1,2
Ivo Karlovic,15-40,.40000001,1,3
Ivo Karlovic,30-0,.24509804,2,0
Ivo Karlovic,30-15,.30769232,2,1
Ivo Karlovic,30-30,.28260869,2,2
Ivo Karlovic,30-40,.10526316,2,3
Ivo Karlovic,40-0,.32467532,3,0
Ivo Karlovic,40-15,.27272728,3,1
Ivo Karlovic,40-30,.42105263,3,2
Ivo Karlovic,40-40,.2,3,3
Ivo Karlovic,40-50,.15384616,3,4
Ivo Karlovic,50-40,.25,4,3
Jack Sock,0-0,.35051546,0,0
Jack Sock,0-15,.33823529,0,1
Jack Sock,0-30,.26086956,0,2
Jack Sock,0-40,.33333334,0,3
Jack Sock,15-0,.35714287,1,0
Jack Sock,15-15,.35555556,1,1
Jack Sock,15-30,.32653061,1,2
Jack Sock,15-40,.44999999,1,3
Jack Sock,30-0,.19753087,2,0
Jack Sock,30-15,.35135135,2,1
Jack Sock,30-30,.40677965,2,2
Jack Sock,30-40,.37142858,2,3
Jack Sock,40-0,.32307693,3,0
Jack Sock,40-15,.33333334,3,1
Jack Sock,40-30,.22413793,3,2
Jack Sock,40-40,.26530612,3,3
Jack Sock,40-50,.53846157,3,4
Jack Sock,50-40,.22222222,4,3
James Duckworth,0-0,.33962265,0,0
James Duckworth,0-15,.3888889,0,1
James Duckworth,0-30,.5714286,0,2
James Duckworth,0-40,.25,0,3
James Duckworth,15-0,.17142858,1,0
James Duckworth,15-15,.41176471,1,1
James Duckworth,15-30,.60000002,1,2
James Duckworth,15-40,.11111111,1,3
James Duckworth,30-0,.20689656,2,0
James Duckworth,30-15,.25,2,1
James Duckworth,30-30,.125,2,2
James Duckworth,30-40,.55555558,2,3
James Duckworth,40-0,.2173913,3,0
James Duckworth,40-15,.41176471,3,1
James Duckworth,40-30,.2857143,3,2
James Duckworth,40-40,.42857143,3,3
James Duckworth,40-50,.33333334,3,4
James Duckworth,50-40,.25,4,3
James Ward,0-0,.35714287,0,0
James Ward,0-15,0,0,1
James Ward,15-0,.44444445,1,0
James Ward,15-15,.3888889,1,1
James Ward,15-30,.14285715,1,2
James Ward,15-40,0,1,3
James Ward,30-0,.1,2,0
James Ward,30-15,.41666666,2,1
James Ward,30-30,.27272728,2,2
James Ward,30-40,.25,2,3
James Ward,40-0,.44444445,3,0
James Ward,40-15,.27272728,3,1
James Ward,40-30,.18181819,3,2
James Ward,40-40,.14285715,3,3
James Ward,40-50,0,3,4
James Ward,50-40,.16666667,4,3
Jan-Lennard Struff,0-0,.35294119,0,0
Jan-Lennard Struff,0-15,.375,0,1
Jan-Lennard Struff,0-30,.44444445,0,2
Jan-Lennard Struff,0-40,0,0,3
Jan-Lennard Struff,15-0,.36363637,1,0
Jan-Lennard Struff,15-15,.45161289,1,1
Jan-Lennard Struff,15-30,.36842105,1,2
Jan-Lennard Struff,15-40,.27272728,1,3
Jan-Lennard Struff,30-0,.2857143,2,0
Jan-Lennard Struff,30-15,.23999999,2,1
Jan-Lennard Struff,30-30,.33333334,2,2
Jan-Lennard Struff,30-40,.35714287,2,3
Jan-Lennard Struff,40-0,.44999999,3,0
Jan-Lennard Struff,40-15,.2857143,3,1
Jan-Lennard Struff,40-30,.5,3,2
Jan-Lennard Struff,40-40,.20833333,3,3
Jan-Lennard Struff,40-50,.40000001,3,4
Jan-Lennard Struff,50-40,.10526316,4,3
Janko Tipsarevic,0-0,.30769232,0,0
Janko Tipsarevic,0-15,.375,0,1
Janko Tipsarevic,0-30,.33333334,0,2
Janko Tipsarevic,0-40,0,0,3
Janko Tipsarevic,15-0,.44444445,1,0
Janko Tipsarevic,15-15,.38461539,1,1
Janko Tipsarevic,15-30,.5714286,1,2
Janko Tipsarevic,15-40,.60000002,1,3
Janko Tipsarevic,30-0,.30000001,2,0
Janko Tipsarevic,30-15,.27272728,2,1
Janko Tipsarevic,30-30,.16666667,2,2
Janko Tipsarevic,30-40,.33333334,2,3
Janko Tipsarevic,40-0,.2857143,3,0
Janko Tipsarevic,40-15,.40000001,3,1
Janko Tipsarevic,40-30,.44444445,3,2
Janko Tipsarevic,40-40,.34999999,3,3
Janko Tipsarevic,40-50,.14285715,3,4
Janko Tipsarevic,50-40,.61538464,4,3
Jared Donaldson,0-0,.090909094,0,0
Jared Donaldson,0-15,0,0,1
Jared Donaldson,15-0,.2,1,0
Jared Donaldson,15-15,0,1,1
Jared Donaldson,30-0,.25,2,0
Jared Donaldson,30-15,.2,2,1
Jared Donaldson,30-30,1,2,2
Jared Donaldson,30-40,0,2,3
Jared Donaldson,40-0,.33333334,3,0
Jared Donaldson,40-15,.5,3,1
Jared Donaldson,40-30,0,3,2
Jared Donaldson,40-40,0,3,3
Jared Donaldson,50-40,0,4,3
Jarkko Nieminen,0-0,.28125,0,0
Jarkko Nieminen,0-15,.11111111,0,1
Jarkko Nieminen,0-30,0,0,2
Jarkko Nieminen,15-0,.28260869,1,0
Jarkko Nieminen,15-15,.20689656,1,1
Jarkko Nieminen,15-30,.375,1,2
Jarkko Nieminen,15-40,.66666669,1,3
Jarkko Nieminen,30-0,.27272728,2,0
Jarkko Nieminen,30-15,.21875,2,1
Jarkko Nieminen,30-30,.25,2,2
Jarkko Nieminen,30-40,.25,2,3
Jarkko Nieminen,40-0,.16666667,3,0
Jarkko Nieminen,40-15,.27586207,3,1
Jarkko Nieminen,40-30,.47058824,3,2
Jarkko Nieminen,40-40,.16666667,3,3
Jarkko Nieminen,40-50,.33333334,3,4
Jarkko Nieminen,50-40,.33333334,4,3
Jeremy Chardy,0-0,.29661018,0,0
Jeremy Chardy,0-15,.34285715,0,1
Jeremy Chardy,0-30,.33333334,0,2
Jeremy Chardy,0-40,.5,0,3
Jeremy Chardy,15-0,.33132529,1,0
Jeremy Chardy,15-15,.34653464,1,1
Jeremy Chardy,15-30,.35294119,1,2
Jeremy Chardy,15-40,.45454547,1,3
Jeremy Chardy,30-0,.27927929,2,0
Jeremy Chardy,30-15,.30927834,2,1
Jeremy Chardy,30-30,.42857143,2,2
Jeremy Chardy,30-40,.38461539,2,3
Jeremy Chardy,40-0,.32499999,3,0
Jeremy Chardy,40-15,.34408602,3,1
Jeremy Chardy,40-30,.20588236,3,2
Jeremy Chardy,40-40,.375,3,3
Jeremy Chardy,40-50,.54166669,3,4
Jeremy Chardy,50-40,.375,4,3
Jerzy Janowicz,0-0,.42696628,0,0
Jerzy Janowicz,0-15,.36842105,0,1
Jerzy Janowicz,0-30,.2857143,0,2
Jerzy Janowicz,0-40,.25,0,3
Jerzy Janowicz,15-0,.41176471,1,0
Jerzy Janowicz,15-15,.26666668,1,1
Jerzy Janowicz,15-30,.45454547,1,2
Jerzy Janowicz,15-40,.53846157,1,3
Jerzy Janowicz,30-0,.16666667,2,0
Jerzy Janowicz,30-15,.2631579,2,1
Jerzy Janowicz,30-30,.54545456,2,2
Jerzy Janowicz,30-40,.27777779,2,3
Jerzy Janowicz,40-0,.2,3,0
Jerzy Janowicz,40-15,.36363637,3,1
Jerzy Janowicz,40-30,.27272728,3,2
Jerzy Janowicz,40-40,.34285715,3,3
Jerzy Janowicz,40-50,.33333334,3,4
Jerzy Janowicz,50-40,.34782609,4,3
Jesse Huta Galung,0-0,.35714287,0,0
Jesse Huta Galung,0-15,.60000002,0,1
Jesse Huta Galung,0-30,.33333334,0,2
Jesse Huta Galung,0-40,0,0,3
Jesse Huta Galung,15-0,.33333334,1,0
Jesse Huta Galung,15-15,.40000001,1,1
Jesse Huta Galung,15-30,.5,1,2
Jesse Huta Galung,15-40,.33333334,1,3
Jesse Huta Galung,30-0,.33333334,2,0
Jesse Huta Galung,30-15,.40000001,2,1
Jesse Huta Galung,30-30,0,2,2
Jesse Huta Galung,30-40,0,2,3
Jesse Huta Galung,40-0,.25,3,0
Jesse Huta Galung,40-15,.75,3,1
Jesse Huta Galung,40-30,.42857143,3,2
Jesse Huta Galung,40-40,.2857143,3,3
Jesse Huta Galung,40-50,.25,3,4
Jesse Huta Galung,50-40,.60000002,4,3
Jimmy Wang,0-0,.1875,0,0
Jimmy Wang,0-15,0,0,1
Jimmy Wang,15-0,.23076923,1,0
Jimmy Wang,15-15,.16666667,1,1
Jimmy Wang,15-30,0,1,2
Jimmy Wang,30-0,.40000001,2,0
Jimmy Wang,30-15,.22222222,2,1
Jimmy Wang,30-30,.33333334,2,2
Jimmy Wang,30-40,0,2,3
Jimmy Wang,40-0,0,3,0
Jimmy Wang,40-15,.2857143,3,1
Jimmy Wang,40-30,0,3,2
Jimmy Wang,40-40,0,3,3
Jimmy Wang,50-40,0,4,3
Jiri Vesely,0-0,.33684212,0,0
Jiri Vesely,0-15,.21875,0,1
Jiri Vesely,0-30,.2857143,0,2
Jiri Vesely,0-40,0,0,3
Jiri Vesely,15-0,.19047619,1,0
Jiri Vesely,15-15,.24324325,1,1
Jiri Vesely,15-30,.2857143,1,2
Jiri Vesely,15-40,.33333334,1,3
Jiri Vesely,30-0,.33333334,2,0
Jiri Vesely,30-15,.40000001,2,1
Jiri Vesely,30-30,.39285713,2,2
Jiri Vesely,30-40,.2,2,3
Jiri Vesely,40-0,.35294119,3,0
Jiri Vesely,40-15,.38461539,3,1
Jiri Vesely,40-30,.375,3,2
Jiri Vesely,40-40,.29411766,3,3
Jiri Vesely,40-50,.40000001,3,4
Jiri Vesely,50-40,.16666667,4,3
Jo-Wilfried Tsonga,0-0,.39344263,0,0
Jo-Wilfried Tsonga,0-15,.375,0,1
Jo-Wilfried Tsonga,0-30,.18518518,0,2
Jo-Wilfried Tsonga,0-40,0,0,3
Jo-Wilfried Tsonga,15-0,.35135135,1,0
Jo-Wilfried Tsonga,15-15,.39285713,1,1
Jo-Wilfried Tsonga,15-30,.40000001,1,2
Jo-Wilfried Tsonga,15-40,.22222222,1,3
Jo-Wilfried Tsonga,30-0,.33333334,2,0
Jo-Wilfried Tsonga,30-15,.28,2,1
Jo-Wilfried Tsonga,30-30,.44444445,2,2
Jo-Wilfried Tsonga,30-40,.40000001,2,3
Jo-Wilfried Tsonga,40-0,.39583334,3,0
Jo-Wilfried Tsonga,40-15,.39726028,3,1
Jo-Wilfried Tsonga,40-30,.33898306,3,2
Jo-Wilfried Tsonga,40-40,.36904761,3,3
Jo-Wilfried Tsonga,40-50,.25806451,3,4
Jo-Wilfried Tsonga,50-40,.26415095,4,3
Joao Sousa,0-0,.3255814,0,0
Joao Sousa,0-15,.32142857,0,1
Joao Sousa,0-30,.055555556,0,2
Joao Sousa,0-40,0,0,3
Joao Sousa,15-0,.36206895,1,0
Joao Sousa,15-15,.27500001,1,1
Joao Sousa,15-30,.30769232,1,2
Joao Sousa,15-40,.23076923,1,3
Joao Sousa,30-0,.28378379,2,0
Joao Sousa,30-15,.39240506,2,1
Joao Sousa,30-30,.27586207,2,2
Joao Sousa,30-40,.34615386,2,3
Joao Sousa,40-0,.26415095,3,0
Joao Sousa,40-15,.25806451,3,1
Joao Sousa,40-30,.3275862,3,2
Joao Sousa,40-40,.29508197,3,3
Joao Sousa,40-50,.27777779,3,4
Joao Sousa,50-40,.27906978,4,3
Joao Souza,0-0,.18181819,0,0
Joao Souza,0-15,0,0,1
Joao Souza,15-0,.33333334,1,0
Joao Souza,15-15,.2,1,1
Joao Souza,15-30,0,1,2
Joao Souza,30-0,0,2,0
Joao Souza,30-15,0,2,1
Joao Souza,30-30,0,2,2
Joao Souza,40-0,.16666667,3,0
Joao Souza,40-15,.2,3,1
Joao Souza,40-30,0,3,2
John Isner,0-0,.2857143,0,0
John Isner,0-15,.2638889,0,1
John Isner,0-30,.31578946,0,2
John Isner,0-40,.33333334,0,3
John Isner,15-0,.2888889,1,0
John Isner,15-15,.25714287,1,1
John Isner,15-30,.34999999,1,2
John Isner,15-40,.3888889,1,3
John Isner,30-0,.2265625,2,0
John Isner,30-15,.25233644,2,1
John Isner,30-30,.18867925,2,2
John Isner,30-40,.14285715,2,3
John Isner,40-0,.22222222,3,0
John Isner,40-15,.20588236,3,1
John Isner,40-30,.265625,3,2
John Isner,40-40,.24561404,3,3
John Isner,40-50,.14285715,3,4
John Isner,50-40,.23255815,4,3
John Millman,0-0,.31818181,0,0
John Millman,0-15,.21428572,0,1
John Millman,0-30,.66666669,0,2
John Millman,0-40,0,0,3
John Millman,15-0,.23333333,1,0
John Millman,15-15,.3888889,1,1
John Millman,15-30,.625,1,2
John Millman,15-40,.14285715,1,3
John Millman,30-0,.43478259,2,0
John Millman,30-15,.38095239,2,1
John Millman,30-30,.18181819,2,2
John Millman,30-40,0,2,3
John Millman,40-0,.07692308,3,0
John Millman,40-15,.14285715,3,1
John Millman,40-30,.18181819,3,2
John Millman,40-40,.41666666,3,3
John Millman,40-50,.80000001,3,4
John Millman,50-40,.14285715,4,3
John-Patrick Smith,0-0,.42105263,0,0
John-Patrick Smith,0-15,0,0,1
John-Patrick Smith,15-0,.090909094,1,0
John-Patrick Smith,15-15,.33333334,1,1
John-Patrick Smith,15-30,.33333334,1,2
John-Patrick Smith,15-40,0,1,3
John-Patrick Smith,30-0,.60000002,2,0
John-Patrick Smith,30-15,.16666667,2,1
John-Patrick Smith,30-30,.5,2,2
John-Patrick Smith,30-40,0,2,3
John-Patrick Smith,40-0,.5,3,0
John-Patrick Smith,40-15,.41666666,3,1
John-Patrick Smith,40-30,.42857143,3,2
John-Patrick Smith,40-40,.375,3,3
John-Patrick Smith,40-50,1,3,4
John-Patrick Smith,50-40,.40000001,4,3
Juan Monaco,0-0,.29333332,0,0
Juan Monaco,0-15,.31818181,0,1
Juan Monaco,0-30,.14285715,0,2
Juan Monaco,0-40,0,0,3
Juan Monaco,15-0,.33962265,1,0
Juan Monaco,15-15,.24242425,1,1
Juan Monaco,15-30,.5714286,1,2
Juan Monaco,15-40,.33333334,1,3
Juan Monaco,30-0,.37142858,2,0
Juan Monaco,30-15,.2631579,2,1
Juan Monaco,30-30,.4375,2,2
Juan Monaco,30-40,.30769232,2,3
Juan Monaco,40-0,.36363637,3,0
Juan Monaco,40-15,.5,3,1
Juan Monaco,40-30,.33333334,3,2
Juan Monaco,40-40,.28125,3,3
Juan Monaco,40-50,.66666669,3,4
Juan Monaco,50-40,.47826087,4,3
Jurgen Melzer,0-0,.11764706,0,0
Jurgen Melzer,0-15,.75,0,1
Jurgen Melzer,0-30,0,0,2
Jurgen Melzer,15-0,.13333334,1,0
Jurgen Melzer,15-15,0,1,1
Jurgen Melzer,15-30,.66666669,1,2
Jurgen Melzer,15-40,0,1,3
Jurgen Melzer,30-0,.1923077,2,0
Jurgen Melzer,30-15,.60000002,2,1
Jurgen Melzer,30-30,.42857143,2,2
Jurgen Melzer,30-40,.2,2,3
Jurgen Melzer,40-0,.23809524,3,0
Jurgen Melzer,40-15,.22222222,3,1
Jurgen Melzer,40-30,.5,3,2
Jurgen Melzer,40-40,.42857143,3,3
Jurgen Melzer,40-50,0,3,4
Jurgen Melzer,50-40,.125,4,3
Kei Nishikori,0-0,.34527686,0,0
Kei Nishikori,0-15,.3773585,0,1
Kei Nishikori,0-30,.34999999,0,2
Kei Nishikori,0-40,.2857143,0,3
Kei Nishikori,15-0,.31840795,1,0
Kei Nishikori,15-15,.33076924,1,1
Kei Nishikori,15-30,.46376812,1,2
Kei Nishikori,15-40,.52380955,1,3
Kei Nishikori,30-0,.34306568,2,0
Kei Nishikori,30-15,.3283582,2,1
Kei Nishikori,30-30,.49382716,2,2
Kei Nishikori,30-40,.46666667,2,3
Kei Nishikori,40-0,.34444445,3,0
Kei Nishikori,40-15,.3140496,3,1
Kei Nishikori,40-30,.37974682,3,2
Kei Nishikori,40-40,.35344827,3,3
Kei Nishikori,40-50,.36585367,3,4
Kei Nishikori,50-40,.37333333,4,3
Kenny De Schepper,0-0,.27272728,0,0
Kenny De Schepper,0-15,1,0,1
Kenny De Schepper,0-30,0,0,2
Kenny De Schepper,15-0,.5,1,0
Kenny De Schepper,15-15,.25,1,1
Kenny De Schepper,15-30,.25,1,2
Kenny De Schepper,15-40,0,1,3
Kenny De Schepper,30-0,.25,2,0
Kenny De Schepper,30-15,.25,2,1
Kenny De Schepper,30-30,.25,2,2
Kenny De Schepper,30-40,0,2,3
Kenny De Schepper,40-0,.33333334,3,0
Kenny De Schepper,40-15,0,3,1
Kenny De Schepper,40-30,.33333334,3,2
Kenny De Schepper,40-40,0,3,3
Kenny De Schepper,50-40,.25,4,3
Kenny de Schepper,0-0,.27272728,0,0
Kenny de Schepper,0-15,.11111111,0,1
Kenny de Schepper,0-30,1,0,2
Kenny de Schepper,0-40,0,0,3
Kenny de Schepper,15-0,.29166666,1,0
Kenny de Schepper,15-15,.13333334,1,1
Kenny de Schepper,15-30,0,1,2
Kenny de Schepper,15-40,1,1,3
Kenny de Schepper,30-0,.35294119,2,0
Kenny de Schepper,30-15,.21052632,2,1
Kenny de Schepper,30-30,.16666667,2,2
Kenny de Schepper,30-40,0,2,3
Kenny de Schepper,40-0,.45454547,3,0
Kenny de Schepper,40-15,.40000001,3,1
Kenny de Schepper,40-30,.15384616,3,2
Kenny de Schepper,40-40,.25,3,3
Kenny de Schepper,40-50,0,3,4
Kenny de Schepper,50-40,0,4,3
Kevin Anderson,0-0,.23333333,0,0
Kevin Anderson,0-15,.2857143,0,1
Kevin Anderson,0-30,.1875,0,2
Kevin Anderson,0-40,0,0,3
Kevin Anderson,15-0,.26086956,1,0
Kevin Anderson,15-15,.28409091,1,1
Kevin Anderson,15-30,.36842105,1,2
Kevin Anderson,15-40,.11764706,1,3
Kevin Anderson,30-0,.30147058,2,0
Kevin Anderson,30-15,.32692307,2,1
Kevin Anderson,30-30,.22413793,2,2
Kevin Anderson,30-40,.2857143,2,3
Kevin Anderson,40-0,.31578946,3,0
Kevin Anderson,40-15,.19,3,1
Kevin Anderson,40-30,.328125,3,2
Kevin Anderson,40-40,.35135135,3,3
Kevin Anderson,40-50,.26923078,3,4
Kevin Anderson,50-40,.29166666,4,3
Leonardo Mayer,0-0,.25423729,0,0
Leonardo Mayer,0-15,.33333334,0,1
Leonardo Mayer,0-30,.1,0,2
Leonardo Mayer,0-40,0,0,3
Leonardo Mayer,15-0,.25,1,0
Leonardo Mayer,15-15,.23809524,1,1
Leonardo Mayer,15-30,.2631579,1,2
Leonardo Mayer,15-40,.16666667,1,3
Leonardo Mayer,30-0,.34848484,2,0
Leonardo Mayer,30-15,.29090908,2,1
Leonardo Mayer,30-30,.1,2,2
Leonardo Mayer,30-40,0,2,3
Leonardo Mayer,40-0,.20930232,3,0
Leonardo Mayer,40-15,.33333334,3,1
Leonardo Mayer,40-30,.3255814,3,2
Leonardo Mayer,40-40,.32432431,3,3
Leonardo Mayer,40-50,.25,3,4
Leonardo Mayer,50-40,.23999999,4,3
Liam Broady,0-0,.07692308,0,0
Liam Broady,0-15,0,0,1
Liam Broady,15-0,.33333334,1,0
Liam Broady,15-15,.60000002,1,1
Liam Broady,15-30,.33333334,1,2
Liam Broady,15-40,0,1,3
Liam Broady,30-0,.25,2,0
Liam Broady,30-15,.25,2,1
Liam Broady,30-30,0,2,2
Liam Broady,30-40,1,2,3
Liam Broady,40-0,.16666667,3,0
Liam Broady,40-15,0,3,1
Liam Broady,40-30,0,3,2
Lleyton Hewitt,0-0,.36585367,0,0
Lleyton Hewitt,0-15,.46666667,0,1
Lleyton Hewitt,0-30,.5714286,0,2
Lleyton Hewitt,0-40,.5,0,3
Lleyton Hewitt,15-0,.30769232,1,0
Lleyton Hewitt,15-15,.1875,1,1
Lleyton Hewitt,15-30,.33333334,1,2
Lleyton Hewitt,15-40,0,1,3
Lleyton Hewitt,30-0,.3888889,2,0
Lleyton Hewitt,30-15,.44999999,2,1
Lleyton Hewitt,30-30,.53846157,2,2
Lleyton Hewitt,30-40,.18181819,2,3
Lleyton Hewitt,40-0,.27272728,3,0
Lleyton Hewitt,40-15,.21428572,3,1
Lleyton Hewitt,40-30,.55555558,3,2
Lleyton Hewitt,40-40,.35294119,3,3
Lleyton Hewitt,40-50,.5,3,4
Lleyton Hewitt,50-40,0,4,3
Luca Vanni,0-0,.34285715,0,0
Luca Vanni,0-15,.33333334,0,1
Luca Vanni,0-30,.25,0,2
Luca Vanni,0-40,1,0,3
Luca Vanni,15-0,.52173913,1,0
Luca Vanni,15-15,.1,1,1
Luca Vanni,15-30,0,1,2
Luca Vanni,30-0,.45454547,2,0
Luca Vanni,30-15,.26086956,2,1
Luca Vanni,30-30,.27272728,2,2
Luca Vanni,30-40,0,2,3
Luca Vanni,40-0,.33333334,3,0
Luca Vanni,40-15,.21052632,3,1
Luca Vanni,40-30,.5,3,2
Luca Vanni,40-40,.30769232,3,3
Luca Vanni,40-50,.25,3,4
Luca Vanni,50-40,.11111111,4,3
Lucas Pouille,0-0,.22471911,0,0
Lucas Pouille,0-15,.44999999,0,1
Lucas Pouille,0-30,.22222222,0,2
Lucas Pouille,0-40,.5,0,3
Lucas Pouille,15-0,.24637681,1,0
Lucas Pouille,15-15,.42857143,1,1
Lucas Pouille,15-30,.36842105,1,2
Lucas Pouille,15-40,.25,1,3
Lucas Pouille,30-0,.28846154,2,0
Lucas Pouille,30-15,.25806451,2,1
Lucas Pouille,30-30,.34999999,2,2
Lucas Pouille,30-40,.38461539,2,3
Lucas Pouille,40-0,.35135135,3,0
Lucas Pouille,40-15,.30555555,3,1
Lucas Pouille,40-30,.20833333,3,2
Lucas Pouille,40-40,.51999998,3,3
Lucas Pouille,40-50,.38461539,3,4
Lucas Pouille,50-40,.33333334,4,3
Lukas Lacko,0-0,.16666667,0,0
Lukas Lacko,0-15,.5,0,1
Lukas Lacko,0-30,0,0,2
Lukas Lacko,15-0,.40000001,1,0
Lukas Lacko,15-15,.40000001,1,1
Lukas Lacko,15-30,.66666669,1,2
Lukas Lacko,15-40,.5,1,3
Lukas Lacko,30-0,.33333334,2,0
Lukas Lacko,30-15,.2,2,1
Lukas Lacko,30-30,.5,2,2
Lukas Lacko,30-40,0,2,3
Lukas Lacko,40-0,0,3,0
Lukas Lacko,40-15,.75,3,1
Lukas Lacko,40-30,.25,3,2
Lukas Lacko,40-40,.25,3,3
Lukas Lacko,40-50,0,3,4
Lukas Lacko,50-40,0,4,3
Lukas Rosol,0-0,.26530612,0,0
Lukas Rosol,0-15,.33333334,0,1
Lukas Rosol,0-30,.38461539,0,2
Lukas Rosol,0-40,.40000001,0,3
Lukas Rosol,15-0,.2962963,1,0
Lukas Rosol,15-15,.25862068,1,1
Lukas Rosol,15-30,.34782609,1,2
Lukas Rosol,15-40,.18181819,1,3
Lukas Rosol,30-0,.30263159,2,0
Lukas Rosol,30-15,.36363637,2,1
Lukas Rosol,30-30,.33333334,2,2
Lukas Rosol,30-40,.5,2,3
Lukas Rosol,40-0,.2264151,3,0
Lukas Rosol,40-15,.3888889,3,1
Lukas Rosol,40-30,.23404256,3,2
Lukas Rosol,40-40,.41025642,3,3
Lukas Rosol,40-50,.25,3,4
Lukas Rosol,50-40,.2173913,4,3
Lukasz Kubot,0-0,.27272728,0,0
Lukasz Kubot,0-15,1,0,1
Lukasz Kubot,0-30,0,0,2
Lukasz Kubot,15-0,.125,1,0
Lukasz Kubot,15-15,0,1,1
Lukasz Kubot,15-30,.33333334,1,2
Lukasz Kubot,15-40,0,1,3
Lukasz Kubot,30-0,.14285715,2,0
Lukasz Kubot,30-15,1,2,1
Lukasz Kubot,30-30,.25,2,2
Lukasz Kubot,30-40,.5,2,3
Lukasz Kubot,40-0,.33333334,3,0
Lukasz Kubot,40-15,.5,3,1
Lukasz Kubot,40-30,.5,3,2
Lukasz Kubot,40-40,.5714286,3,3
Lukasz Kubot,40-50,.5,3,4
Lukasz Kubot,50-40,.66666669,4,3
Luke Saville,0-0,.38461539,0,0
Luke Saville,0-15,0,0,1
Luke Saville,15-0,.375,1,0
Luke Saville,15-15,.25,1,1
Luke Saville,15-30,.5,1,2
Luke Saville,15-40,0,1,3
Luke Saville,30-0,.2,2,0
Luke Saville,30-15,.2857143,2,1
Luke Saville,30-30,0,2,2
Luke Saville,30-40,0,2,3
Luke Saville,40-0,.5,3,0
Luke Saville,40-15,.42857143,3,1
Luke Saville,40-30,0,3,2
Luke Saville,40-40,0,3,3
Luke Saville,50-40,.66666669,4,3
Malek Jaziri,0-0,.38181818,0,0
Malek Jaziri,0-15,.33333334,0,1
Malek Jaziri,0-30,.42857143,0,2
Malek Jaziri,0-40,.33333334,0,3
Malek Jaziri,15-0,.38235295,1,0
Malek Jaziri,15-15,.22222222,1,1
Malek Jaziri,15-30,.40000001,1,2
Malek Jaziri,15-40,.5,1,3
Malek Jaziri,30-0,.33333334,2,0
Malek Jaziri,30-15,.32142857,2,1
Malek Jaziri,30-30,.13333334,2,2
Malek Jaziri,30-40,.2,2,3
Malek Jaziri,40-0,.14285715,3,0
Malek Jaziri,40-15,.095238097,3,1
Malek Jaziri,40-30,.40000001,3,2
Malek Jaziri,40-40,.17647059,3,3
Malek Jaziri,40-50,0,3,4
Malek Jaziri,50-40,.2857143,4,3
Marcel Granollers,0-0,.41249999,0,0
Marcel Granollers,0-15,.33333334,0,1
Marcel Granollers,0-30,.090909094,0,2
Marcel Granollers,0-40,0,0,3
Marcel Granollers,15-0,.38297874,1,0
Marcel Granollers,15-15,.40000001,1,1
Marcel Granollers,15-30,.34615386,1,2
Marcel Granollers,15-40,.2,1,3
Marcel Granollers,30-0,.34482759,2,0
Marcel Granollers,30-15,.29411766,2,1
Marcel Granollers,30-30,.33333334,2,2
Marcel Granollers,30-40,.47058824,2,3
Marcel Granollers,40-0,.2631579,3,0
Marcel Granollers,40-15,.27586207,3,1
Marcel Granollers,40-30,.30769232,3,2
Marcel Granollers,40-40,.40625,3,3
Marcel Granollers,40-50,.46153846,3,4
Marcel Granollers,50-40,.42105263,4,3
Marco Chiudinelli,0-0,.45454547,0,0
Marco Chiudinelli,0-15,0,0,1
Marco Chiudinelli,15-0,.5,1,0
Marco Chiudinelli,15-15,.25,1,1
Marco Chiudinelli,15-30,0,1,2
Marco Chiudinelli,30-0,0,2,0
Marco Chiudinelli,30-15,.33333334,2,1
Marco Chiudinelli,30-30,0,2,2
Marco Chiudinelli,40-0,.33333334,3,0
Marco Chiudinelli,40-15,.60000002,3,1
Marco Chiudinelli,40-30,.14285715,3,2
Marco Chiudinelli,40-40,0,3,3
Marco Chiudinelli,50-40,0,4,3
Marcos Baghdatis,0-0,.33333334,0,0
Marcos Baghdatis,0-15,.54838711,0,1
Marcos Baghdatis,0-30,.47058824,0,2
Marcos Baghdatis,0-40,.5,0,3
Marcos Baghdatis,15-0,.27419356,1,0
Marcos Baghdatis,15-15,.58064514,1,1
Marcos Baghdatis,15-30,.37037036,1,2
Marcos Baghdatis,15-40,.5,1,3
Marcos Baghdatis,30-0,.31111112,2,0
Marcos Baghdatis,30-15,.25925925,2,1
Marcos Baghdatis,30-30,.45833334,2,2
Marcos Baghdatis,30-40,.55555558,2,3
Marcos Baghdatis,40-0,.19354838,3,0
Marcos Baghdatis,40-15,.42307693,3,1
Marcos Baghdatis,40-30,.375,3,2
Marcos Baghdatis,40-40,.30303031,3,3
Marcos Baghdatis,40-50,.30000001,3,4
Marcos Baghdatis,50-40,.39130434,4,3
Marin Cilic,0-0,.30625001,0,0
Marin Cilic,0-15,.24489796,0,1
Marin Cilic,0-30,.083333336,0,2
Marin Cilic,0-40,1,0,3
Marin Cilic,15-0,.38738739,1,0
Marin Cilic,15-15,.28749999,1,1
Marin Cilic,15-30,.23529412,1,2
Marin Cilic,15-40,.125,1,3
Marin Cilic,30-0,.33823529,2,0
Marin Cilic,30-15,.36250001,2,1
Marin Cilic,30-30,.34545454,2,2
Marin Cilic,30-40,.1923077,2,3
Marin Cilic,40-0,.40000001,3,0
Marin Cilic,40-15,.40579709,3,1
Marin Cilic,40-30,.3125,3,2
Marin Cilic,40-40,.24358974,3,3
Marin Cilic,40-50,.2631579,3,4
Marin Cilic,50-40,.3898305,4,3
Marinko Matosevic,0-0,.27906978,0,0
Marinko Matosevic,0-15,.41666666,0,1
Marinko Matosevic,0-30,.2,0,2
Marinko Matosevic,0-40,1,0,3
Marinko Matosevic,15-0,.29032257,1,0
Marinko Matosevic,15-15,.4375,1,1
Marinko Matosevic,15-30,.27272728,1,2
Marinko Matosevic,15-40,1,1,3
Marinko Matosevic,30-0,.27272728,2,0
Marinko Matosevic,30-15,.46666667,2,1
Marinko Matosevic,30-30,.33333334,2,2
Marinko Matosevic,30-40,.60000002,2,3
Marinko Matosevic,40-0,.25,3,0
Marinko Matosevic,40-15,.41666666,3,1
Marinko Matosevic,40-30,.33333334,3,2
Marinko Matosevic,40-40,.1875,3,3
Marinko Matosevic,40-50,0,3,4
Marinko Matosevic,50-40,.46153846,4,3
Marius Copil,0-0,.23529412,0,0
Marius Copil,0-15,.5,0,1
Marius Copil,0-30,.5,0,2
Marius Copil,0-40,1,0,3
Marius Copil,15-0,.38461539,1,0
Marius Copil,15-15,.5714286,1,1
Marius Copil,15-30,.40000001,1,2
Marius Copil,15-40,0,1,3
Marius Copil,30-0,.25,2,0
Marius Copil,30-15,.2,2,1
Marius Copil,30-30,.25,2,2
Marius Copil,30-40,0,2,3
Marius Copil,40-0,.33333334,3,0
Marius Copil,40-15,.5,3,1
Marius Copil,40-30,0,3,2
Marius Copil,40-40,0,3,3
Marius Copil,50-40,.5,4,3
Marsel Ilhan,0-0,.24489796,0,0
Marsel Ilhan,0-15,.083333336,0,1
Marsel Ilhan,0-30,0,0,2
Marsel Ilhan,15-0,.2972973,1,0
Marsel Ilhan,15-15,.27272728,1,1
Marsel Ilhan,15-30,0,1,2
Marsel Ilhan,30-0,.26923078,2,0
Marsel Ilhan,30-15,.30434781,2,1
Marsel Ilhan,30-30,.2857143,2,2
Marsel Ilhan,30-40,0,2,3
Marsel Ilhan,40-0,.2631579,3,0
Marsel Ilhan,40-15,.23809524,3,1
Marsel Ilhan,40-30,.13333334,3,2
Marsel Ilhan,40-40,.33333334,3,3
Marsel Ilhan,40-50,0,3,4
Marsel Ilhan,50-40,0,4,3
Martin Klizan,0-0,.42592594,0,0
Martin Klizan,0-15,.34782609,0,1
Martin Klizan,0-30,.125,0,2
Martin Klizan,0-40,0,0,3
Martin Klizan,15-0,.54838711,1,0
Martin Klizan,15-15,.53125,1,1
Martin Klizan,15-30,.29166666,1,2
Martin Klizan,15-40,.25,1,3
Martin Klizan,30-0,.14285715,2,0
Martin Klizan,30-15,.47058824,2,1
Martin Klizan,30-30,.2,2,2
Martin Klizan,30-40,.36363637,2,3
Martin Klizan,40-0,.41666666,3,0
Martin Klizan,40-15,.14285715,3,1
Martin Klizan,40-30,.31818181,3,2
Martin Klizan,40-40,.31999999,3,3
Martin Klizan,40-50,.375,3,4
Martin Klizan,50-40,.35294119,4,3
Matteo Donati,0-0,.11111111,0,0
Matteo Donati,0-15,0,0,1
Matteo Donati,15-0,.375,1,0
Matteo Donati,15-15,0,1,1
Matteo Donati,30-0,.40000001,2,0
Matteo Donati,30-15,.5,2,1
Matteo Donati,30-30,0,2,2
Matteo Donati,40-0,.33333334,3,0
Matteo Donati,40-15,.5,3,1
Matteo Donati,40-30,.40000001,3,2
Matteo Donati,40-40,0,3,3
Matteo Donati,50-40,0,4,3
Matthew Ebden,0-0,.2,0,0
Matthew Ebden,0-15,.33333334,0,1
Matthew Ebden,0-30,1,0,2
Matthew Ebden,0-40,1,0,3
Matthew Ebden,15-0,.16666667,1,0
Matthew Ebden,15-15,0,1,1
Matthew Ebden,30-0,.60000002,2,0
Matthew Ebden,30-15,.30000001,2,1
Matthew Ebden,30-30,.33333334,2,2
Matthew Ebden,30-40,0,2,3
Matthew Ebden,40-0,.25,3,0
Matthew Ebden,40-15,.125,3,1
Matthew Ebden,40-30,0,3,2
Matthew Ebden,40-40,0,3,3
Matthew Ebden,50-40,0,4,3
Matthias Bachinger,0-0,.54545456,0,0
Matthias Bachinger,0-15,.16666667,0,1
Matthias Bachinger,0-30,0,0,2
Matthias Bachinger,15-0,.40000001,1,0
Matthias Bachinger,15-15,.2857143,1,1
Matthias Bachinger,15-30,.66666669,1,2
Matthias Bachinger,15-40,.5,1,3
Matthias Bachinger,30-0,.33333334,2,0
Matthias Bachinger,30-15,0,2,1
Matthias Bachinger,30-30,0,2,2
Matthias Bachinger,30-40,0,2,3
Matthias Bachinger,40-0,1,3,0
Matthias Bachinger,40-15,0,3,1
Matthias Bachinger,40-30,0,3,2
Matthias Bachinger,40-40,.5,3,3
Matthias Bachinger,40-50,0,3,4
Matthias Bachinger,50-40,0,4,3
Michael Berrer,0-0,.42500001,0,0
Michael Berrer,0-15,.11764706,0,1
Michael Berrer,0-30,.5,0,2
Michael Berrer,0-40,1,0,3
Michael Berrer,15-0,.39130434,1,0
Michael Berrer,15-15,.41666666,1,1
Michael Berrer,15-30,.36363637,1,2
Michael Berrer,15-40,.25,1,3
Michael Berrer,30-0,.2857143,2,0
Michael Berrer,30-15,.33333334,2,1
Michael Berrer,30-30,.53846157,2,2
Michael Berrer,30-40,.2,2,3
Michael Berrer,40-0,.30000001,3,0
Michael Berrer,40-15,.26666668,3,1
Michael Berrer,40-30,.30000001,3,2
Michael Berrer,40-40,.1875,3,3
Michael Berrer,40-50,.33333334,3,4
Michael Berrer,50-40,.23076923,4,3
Mikhail Kukushkin,0-0,.27272728,0,0
Mikhail Kukushkin,0-15,.43333334,0,1
Mikhail Kukushkin,0-30,.23076923,0,2
Mikhail Kukushkin,0-40,.66666669,0,3
Mikhail Kukushkin,15-0,.27500001,1,0
Mikhail Kukushkin,15-15,.2820513,1,1
Mikhail Kukushkin,15-30,.5714286,1,2
Mikhail Kukushkin,15-40,.15384616,1,3
Mikhail Kukushkin,30-0,.34482759,2,0
Mikhail Kukushkin,30-15,.25,2,1
Mikhail Kukushkin,30-30,.33333334,2,2
Mikhail Kukushkin,30-40,.33333334,2,3
Mikhail Kukushkin,40-0,.23684211,3,0
Mikhail Kukushkin,40-15,.24444444,3,1
Mikhail Kukushkin,40-30,.31999999,3,2
Mikhail Kukushkin,40-40,.20689656,3,3
Mikhail Kukushkin,40-50,.33333334,3,4
Mikhail Kukushkin,50-40,.2173913,4,3
Mikhail Youzhny,0-0,.37662336,0,0
Mikhail Youzhny,0-15,.13793103,0,1
Mikhail Youzhny,0-30,.5,0,2
Mikhail Youzhny,0-40,0,0,3
Mikhail Youzhny,15-0,.29166666,1,0
Mikhail Youzhny,15-15,.30769232,1,1
Mikhail Youzhny,15-30,.21428572,1,2
Mikhail Youzhny,15-40,.40000001,1,3
Mikhail Youzhny,30-0,.11764706,2,0
Mikhail Youzhny,30-15,.32258064,2,1
Mikhail Youzhny,30-30,.23809524,2,2
Mikhail Youzhny,30-40,0,2,3
Mikhail Youzhny,40-0,.33333334,3,0
Mikhail Youzhny,40-15,.16129032,3,1
Mikhail Youzhny,40-30,.5714286,3,2
Mikhail Youzhny,40-40,.16666667,3,3
Mikhail Youzhny,40-50,.80000001,3,4
Mikhail Youzhny,50-40,.36000001,4,3
Milos Raonic,0-0,.25874126,0,0
Milos Raonic,0-15,.24324325,0,1
Milos Raonic,0-30,.11111111,0,2
Milos Raonic,0-40,0,0,3
Milos Raonic,15-0,.21698113,1,0
Milos Raonic,15-15,.35294119,1,1
Milos Raonic,15-30,.23076923,1,2
Milos Raonic,15-40,0,1,3
Milos Raonic,30-0,.27710843,2,0
Milos Raonic,30-15,.16071428,2,1
Milos Raonic,30-30,.24137931,2,2
Milos Raonic,30-40,.21428572,2,3
Milos Raonic,40-0,.33333334,3,0
Milos Raonic,40-15,.26865673,3,1
Milos Raonic,40-30,.25,3,2
Milos Raonic,40-40,.31578946,3,3
Milos Raonic,40-50,.16666667,3,4
Milos Raonic,50-40,.26923078,4,3
Mischa Zverev,0-0,.23076923,0,0
Mischa Zverev,0-15,.25,0,1
Mischa Zverev,0-30,.33333334,0,2
Mischa Zverev,0-40,1,0,3
Mischa Zverev,15-0,.30000001,1,0
Mischa Zverev,15-15,.19047619,1,1
Mischa Zverev,15-30,.5,1,2
Mischa Zverev,15-40,0,1,3
Mischa Zverev,30-0,.32142857,2,0
Mischa Zverev,30-15,.5,2,1
Mischa Zverev,30-30,.5,2,2
Mischa Zverev,30-40,.36363637,2,3
Mischa Zverev,40-0,.2631579,3,0
Mischa Zverev,40-15,.27777779,3,1
Mischa Zverev,40-30,.30769232,3,2
Mischa Zverev,40-40,.51999998,3,3
Mischa Zverev,40-50,.15384616,3,4
Mischa Zverev,50-40,.25,4,3
Nick Kyrgios,0-0,.26553673,0,0
Nick Kyrgios,0-15,.29787233,0,1
Nick Kyrgios,0-30,.21428572,0,2
Nick Kyrgios,0-40,.33333334,0,3
Nick Kyrgios,15-0,.30769232,1,0
Nick Kyrgios,15-15,.30136988,1,1
Nick Kyrgios,15-30,.27272728,1,2
Nick Kyrgios,15-40,.18181819,1,3
Nick Kyrgios,30-0,.23333333,2,0
Nick Kyrgios,30-15,.2361111,2,1
Nick Kyrgios,30-30,.2682927,2,2
Nick Kyrgios,30-40,.30000001,2,3
Nick Kyrgios,40-0,.28985506,3,0
Nick Kyrgios,40-15,.23999999,3,1
Nick Kyrgios,40-30,.25,3,2
Nick Kyrgios,40-40,.39130434,3,3
Nick Kyrgios,40-50,.27777779,3,4
Nick Kyrgios,50-40,.25,4,3
Nicolas Almagro,0-0,.23595506,0,0
Nicolas Almagro,0-15,.42857143,0,1
Nicolas Almagro,0-30,.33333334,0,2
Nicolas Almagro,0-40,.66666669,0,3
Nicolas Almagro,15-0,.33823529,1,0
Nicolas Almagro,15-15,.34285715,1,1
Nicolas Almagro,15-30,.3888889,1,2
Nicolas Almagro,15-40,.375,1,3
Nicolas Almagro,30-0,.33333334,2,0
Nicolas Almagro,30-15,.23684211,2,1
Nicolas Almagro,30-30,.2,2,2
Nicolas Almagro,30-40,.22222222,2,3
Nicolas Almagro,40-0,.40000001,3,0
Nicolas Almagro,40-15,.36585367,3,1
Nicolas Almagro,40-30,.3548387,3,2
Nicolas Almagro,40-40,.39534885,3,3
Nicolas Almagro,40-50,.11764706,3,4
Nicolas Almagro,50-40,.38461539,4,3
Nicolas Mahut,0-0,.32653061,0,0
Nicolas Mahut,0-15,.3125,0,1
Nicolas Mahut,0-30,.2,0,2
Nicolas Mahut,0-40,1,0,3
Nicolas Mahut,15-0,.24242425,1,0
Nicolas Mahut,15-15,.42105263,1,1
Nicolas Mahut,15-30,.41666666,1,2
Nicolas Mahut,15-40,0,1,3
Nicolas Mahut,30-0,.31999999,2,0
Nicolas Mahut,30-15,.31578946,2,1
Nicolas Mahut,30-30,.30769232,2,2
Nicolas Mahut,30-40,.33333334,2,3
Nicolas Mahut,40-0,.35294119,3,0
Nicolas Mahut,40-15,.31578946,3,1
Nicolas Mahut,40-30,.13333334,3,2
Nicolas Mahut,40-40,.35714287,3,3
Nicolas Mahut,40-50,.40000001,3,4
Nicolas Mahut,50-40,.33333334,4,3
Nikoloz Basilashvili,0-0,.23076923,0,0
Nikoloz Basilashvili,0-15,0,0,1
Nikoloz Basilashvili,15-0,.40000001,1,0
Nikoloz Basilashvili,15-15,.42857143,1,1
Nikoloz Basilashvili,15-30,.66666669,1,2
Nikoloz Basilashvili,15-40,1,1,3
Nikoloz Basilashvili,30-0,.5,2,0
Nikoloz Basilashvili,30-15,.5714286,2,1
Nikoloz Basilashvili,30-30,.2,2,2
Nikoloz Basilashvili,30-40,0,2,3
Nikoloz Basilashvili,40-0,.33333334,3,0
Nikoloz Basilashvili,40-15,0,3,1
Nikoloz Basilashvili,40-30,.75,3,2
Nikoloz Basilashvili,40-40,.33333334,3,3
Nikoloz Basilashvili,40-50,.5,3,4
Nikoloz Basilashvili,50-40,.25,4,3
Norbert Gombos,0-0,.375,0,0
Norbert Gombos,0-15,0,0,1
Norbert Gombos,15-0,.80000001,1,0
Norbert Gombos,15-15,.42857143,1,1
Norbert Gombos,15-30,.33333334,1,2
Norbert Gombos,15-40,0,1,3
Norbert Gombos,30-0,1,2,0
Norbert Gombos,30-15,.2,2,1
Norbert Gombos,30-30,.33333334,2,2
Norbert Gombos,30-40,.5,2,3
Norbert Gombos,40-15,.25,3,1
Norbert Gombos,40-30,.66666669,3,2
Norbert Gombos,40-40,.25,3,3
Norbert Gombos,40-50,1,3,4
Norbert Gombos,50-40,.33333334,4,3
Novak Djokovic,0-0,.4061372,0,0
Novak Djokovic,0-15,.47111112,0,1
Novak Djokovic,0-30,.51886791,0,2
Novak Djokovic,0-40,.34545454,0,3
Novak Djokovic,15-0,.36474165,1,0
Novak Djokovic,15-15,.40585774,1,1
Novak Djokovic,15-30,.45945945,1,2
Novak Djokovic,15-40,.375,1,3
Novak Djokovic,30-0,.37320575,2,0
Novak Djokovic,30-15,.44090909,2,1
Novak Djokovic,30-30,.42937854,2,2
Novak Djokovic,30-40,.4609929,2,3
Novak Djokovic,40-0,.32824427,3,0
Novak Djokovic,40-15,.45783132,3,1
Novak Djokovic,40-30,.44067797,3,2
Novak Djokovic,40-40,.39636365,3,3
Novak Djokovic,40-50,.48623854,3,4
Novak Djokovic,50-40,.39156628,4,3
Pablo Andujar,0-0,.27027026,0,0
Pablo Andujar,0-15,.30000001,0,1
Pablo Andujar,0-30,.66666669,0,2
Pablo Andujar,0-40,.5,0,3
Pablo Andujar,15-0,.42592594,1,0
Pablo Andujar,15-15,.4054054,1,1
Pablo Andujar,15-30,.35294119,1,2
Pablo Andujar,15-40,.5,1,3
Pablo Andujar,30-0,.25806451,2,0
Pablo Andujar,30-15,.23333333,2,1
Pablo Andujar,30-30,.3888889,2,2
Pablo Andujar,30-40,.45454547,2,3
Pablo Andujar,40-0,.39130434,3,0
Pablo Andujar,40-15,.3125,3,1
Pablo Andujar,40-30,.52380955,3,2
Pablo Andujar,40-40,.29032257,3,3
Pablo Andujar,40-50,.33333334,3,4
Pablo Andujar,50-40,.36363637,4,3
Pablo Carreno-Busta,0-0,.32499999,0,0
Pablo Carreno-Busta,0-15,.30769232,0,1
Pablo Carreno-Busta,0-30,.5,0,2
Pablo Carreno-Busta,0-40,1,0,3
Pablo Carreno-Busta,15-0,.2962963,1,0
Pablo Carreno-Busta,15-15,.29411766,1,1
Pablo Carreno-Busta,15-30,0,1,2
Pablo Carreno-Busta,30-0,.2631579,2,0
Pablo Carreno-Busta,30-15,.29411766,2,1
Pablo Carreno-Busta,30-30,.25,2,2
Pablo Carreno-Busta,30-40,0,2,3
Pablo Carreno-Busta,40-0,.14285715,3,0
Pablo Carreno-Busta,40-15,.35714287,3,1
Pablo Carreno-Busta,40-30,.2857143,3,2
Pablo Carreno-Busta,40-40,.11111111,3,3
Pablo Carreno-Busta,40-50,0,3,4
Pablo Carreno-Busta,50-40,.125,4,3
Pablo Cuevas,0-0,.32608697,0,0
Pablo Cuevas,0-15,.33333334,0,1
Pablo Cuevas,0-30,.2,0,2
Pablo Cuevas,0-40,.5,0,3
Pablo Cuevas,15-0,.30645162,1,0
Pablo Cuevas,15-15,.2820513,1,1
Pablo Cuevas,15-30,.15789473,1,2
Pablo Cuevas,15-40,.75,1,3
Pablo Cuevas,30-0,.25581396,2,0
Pablo Cuevas,30-15,.30769232,2,1
Pablo Cuevas,30-30,.32142857,2,2
Pablo Cuevas,30-40,.60000002,2,3
Pablo Cuevas,40-0,.3125,3,0
Pablo Cuevas,40-15,.27027026,3,1
Pablo Cuevas,40-30,.34482759,3,2
Pablo Cuevas,40-40,.40000001,3,3
Pablo Cuevas,40-50,.33333334,3,4
Pablo Cuevas,50-40,.44444445,4,3
Paolo Lorenzi,0-0,.30000001,0,0
Paolo Lorenzi,0-15,.33333334,0,1
Paolo Lorenzi,0-30,1,0,2
Paolo Lorenzi,0-40,0,0,3
Paolo Lorenzi,15-0,.2857143,1,0
Paolo Lorenzi,15-15,.5,1,1
Paolo Lorenzi,15-30,.5,1,2
Paolo Lorenzi,15-40,0,1,3
Paolo Lorenzi,30-0,.2,2,0
Paolo Lorenzi,30-15,.33333334,2,1
Paolo Lorenzi,30-30,0,2,2
Paolo Lorenzi,30-40,1,2,3
Paolo Lorenzi,40-0,.5,3,0
Paolo Lorenzi,40-15,.5,3,1
Paolo Lorenzi,40-30,.25,3,2
Paolo Lorenzi,40-40,.40000001,3,3
Paolo Lorenzi,40-50,0,3,4
Paolo Lorenzi,50-40,.66666669,4,3
Paul-Henri Mathieu,0-0,.42857143,0,0
Paul-Henri Mathieu,0-15,.16666667,0,1
Paul-Henri Mathieu,0-30,0,0,2
Paul-Henri Mathieu,15-0,.125,1,0
Paul-Henri Mathieu,15-15,.66666669,1,1
Paul-Henri Mathieu,15-30,.2,1,2
Paul-Henri Mathieu,15-40,1,1,3
Paul-Henri Mathieu,30-0,.14285715,2,0
Paul-Henri Mathieu,30-15,.33333334,2,1
Paul-Henri Mathieu,30-30,.2,2,2
Paul-Henri Mathieu,30-40,1,2,3
Paul-Henri Mathieu,40-0,.33333334,3,0
Paul-Henri Mathieu,40-15,.25,3,1
Paul-Henri Mathieu,40-30,.2,3,2
Paul-Henri Mathieu,40-40,.33333334,3,3
Paul-Henri Mathieu,40-50,0,3,4
Paul-Henri Mathieu,50-40,.5,4,3
Philipp Kohlschreiber,0-0,.30000001,0,0
Philipp Kohlschreiber,0-15,.30158731,0,1
Philipp Kohlschreiber,0-30,.31578946,0,2
Philipp Kohlschreiber,0-40,.33333334,0,3
Philipp Kohlschreiber,15-0,.3877551,1,0
Philipp Kohlschreiber,15-15,.25742576,1,1
Philipp Kohlschreiber,15-30,.20512821,1,2
Philipp Kohlschreiber,15-40,.33333334,1,3
Philipp Kohlschreiber,30-0,.3888889,2,0
Philipp Kohlschreiber,30-15,.30909091,2,1
Philipp Kohlschreiber,30-30,.38461539,2,2
Philipp Kohlschreiber,30-40,.30303031,2,3
Philipp Kohlschreiber,40-0,.25454545,3,0
Philipp Kohlschreiber,40-15,.25555557,3,1
Philipp Kohlschreiber,40-30,.33333334,3,2
Philipp Kohlschreiber,40-40,.36486486,3,3
Philipp Kohlschreiber,40-50,.48148149,3,4
Philipp Kohlschreiber,50-40,.34042552,4,3
Pierre-Hugues Herbert,0-0,.2857143,0,0
Pierre-Hugues Herbert,0-15,.083333336,0,1
Pierre-Hugues Herbert,0-30,1,0,2
Pierre-Hugues Herbert,0-40,0,0,3
Pierre-Hugues Herbert,15-0,.13333334,1,0
Pierre-Hugues Herbert,15-15,.46666667,1,1
Pierre-Hugues Herbert,15-30,.42857143,1,2
Pierre-Hugues Herbert,15-40,0,1,3
Pierre-Hugues Herbert,30-0,.34615386,2,0
Pierre-Hugues Herbert,30-15,.17647059,2,1
Pierre-Hugues Herbert,30-30,.42857143,2,2
Pierre-Hugues Herbert,30-40,.14285715,2,3
Pierre-Hugues Herbert,40-0,.29411766,3,0
Pierre-Hugues Herbert,40-15,.31578946,3,1
Pierre-Hugues Herbert,40-30,.2,3,2
Pierre-Hugues Herbert,40-40,.2,3,3
Pierre-Hugues Herbert,40-50,0,3,4
Pierre-Hugues Herbert,50-40,.33333334,4,3
Quentin Halys,0-0,.14285715,0,0
Quentin Halys,0-15,0,0,1
Quentin Halys,15-0,.25,1,0
Quentin Halys,15-15,.40000001,1,1
Quentin Halys,15-30,0,1,2
Quentin Halys,30-0,.22222222,2,0
Quentin Halys,30-15,.2,2,1
Quentin Halys,30-30,.66666669,2,2
Quentin Halys,30-40,.5,2,3
Quentin Halys,40-0,.2857143,3,0
Quentin Halys,40-15,.33333334,3,1
Quentin Halys,40-30,0,3,2
Quentin Halys,40-40,0,3,3
Quentin Halys,50-40,0,4,3
Radek Stepanek,0-0,.35185185,0,0
Radek Stepanek,0-15,.31578946,0,1
Radek Stepanek,0-30,0,0,2
Radek Stepanek,15-0,.48571429,1,0
Radek Stepanek,15-15,.40000001,1,1
Radek Stepanek,15-30,.33333334,1,2
Radek Stepanek,15-40,.16666667,1,3
Radek Stepanek,30-0,.44444445,2,0
Radek Stepanek,30-15,.30769232,2,1
Radek Stepanek,30-30,.40000001,2,2
Radek Stepanek,30-40,.38461539,2,3
Radek Stepanek,40-0,.40000001,3,0
Radek Stepanek,40-15,.22727273,3,1
Radek Stepanek,40-30,.23529412,3,2
Radek Stepanek,40-40,.21052632,3,3
Radek Stepanek,40-50,.25,3,4
Radek Stepanek,50-40,.26666668,4,3
Rafael Nadal,0-0,.3883495,0,0
Rafael Nadal,0-15,.32499999,0,1
Rafael Nadal,0-30,.33333334,0,2
Rafael Nadal,0-40,.30769232,0,3
Rafael Nadal,15-0,.43915343,1,0
Rafael Nadal,15-15,.37804878,1,1
Rafael Nadal,15-30,.375,1,2
Rafael Nadal,15-40,.38095239,1,3
Rafael Nadal,30-0,.31132075,2,0
Rafael Nadal,30-15,.4148148,2,1
Rafael Nadal,30-30,.42342341,2,2
Rafael Nadal,30-40,.28767124,2,3
Rafael Nadal,40-0,.26027396,3,0
Rafael Nadal,40-15,.3877551,3,1
Rafael Nadal,40-30,.2647059,3,2
Rafael Nadal,40-40,.41496599,3,3
Rafael Nadal,40-50,.37704918,3,4
Rafael Nadal,50-40,.3488372,4,3
Rajeev Ram,0-0,.1875,0,0
Rajeev Ram,0-15,.33333334,0,1
Rajeev Ram,0-30,0,0,2
Rajeev Ram,15-0,.23076923,1,0
Rajeev Ram,15-15,.40000001,1,1
Rajeev Ram,15-30,.33333334,1,2
Rajeev Ram,15-40,1,1,3
Rajeev Ram,30-0,.1,2,0
Rajeev Ram,30-15,.25,2,1
Rajeev Ram,30-30,.33333334,2,2
Rajeev Ram,30-40,1,2,3
Rajeev Ram,40-0,.22222222,3,0
Rajeev Ram,40-15,.2,3,1
Rajeev Ram,40-30,0,3,2
Ricardas Berankis,0-0,.32222223,0,0
Ricardas Berankis,0-15,.27586207,0,1
Ricardas Berankis,0-30,.625,0,2
Ricardas Berankis,0-40,.60000002,0,3
Ricardas Berankis,15-0,.24590164,1,0
Ricardas Berankis,15-15,.27777779,1,1
Ricardas Berankis,15-30,.46153846,1,2
Ricardas Berankis,15-40,.25,1,3
Ricardas Berankis,30-0,.2173913,2,0
Ricardas Berankis,30-15,.22222222,2,1
Ricardas Berankis,30-30,.33333334,2,2
Ricardas Berankis,30-40,.45454547,2,3
Ricardas Berankis,40-0,.16666667,3,0
Ricardas Berankis,40-15,.2647059,3,1
Ricardas Berankis,40-30,.47368422,3,2
Ricardas Berankis,40-40,.14814815,3,3
Ricardas Berankis,40-50,0,3,4
Ricardas Berankis,50-40,.34782609,4,3
Richard Berankis,0-0,.35714287,0,0
Richard Berankis,0-15,.2,0,1
Richard Berankis,0-30,0,0,2
Richard Berankis,15-0,.33333334,1,0
Richard Berankis,15-15,.14285715,1,1
Richard Berankis,15-30,0,1,2
Richard Berankis,30-0,0,2,0
Richard Berankis,30-15,.33333334,2,1
Richard Berankis,30-30,0,2,2
Richard Berankis,40-0,0,3,0
Richard Berankis,40-15,0,3,1
Richard Berankis,40-30,.25,3,2
Richard Berankis,40-40,0,3,3
Richard Berankis,50-40,0,4,3
Richard Gasquet,0-0,.33088234,0,0
Richard Gasquet,0-15,.36666667,0,1
Richard Gasquet,0-30,.36363637,0,2
Richard Gasquet,0-40,.25,0,3
Richard Gasquet,15-0,.40109891,1,0
Richard Gasquet,15-15,.35384616,1,1
Richard Gasquet,15-30,.35820895,1,2
Richard Gasquet,15-40,.30303031,1,3
Richard Gasquet,30-0,.26605505,2,0
Richard Gasquet,30-15,.33628318,2,1
Richard Gasquet,30-30,.19753087,2,2
Richard Gasquet,30-40,.25641027,2,3
Richard Gasquet,40-0,.30000001,3,0
Richard Gasquet,40-15,.2020202,3,1
Richard Gasquet,40-30,.31764707,3,2
Richard Gasquet,40-40,.35779816,3,3
Richard Gasquet,40-50,.35897437,3,4
Richard Gasquet,50-40,.40000001,4,3
Roberto Bautista Agut,0-0,.41935483,0,0
Roberto Bautista Agut,0-15,.23076923,0,1
Roberto Bautista Agut,0-30,.33333334,0,2
Roberto Bautista Agut,0-40,0,0,3
Roberto Bautista Agut,15-0,.27777779,1,0
Roberto Bautista Agut,15-15,.33333334,1,1
Roberto Bautista Agut,15-30,.42857143,1,2
Roberto Bautista Agut,15-40,.25,1,3
Roberto Bautista Agut,30-0,.23076923,2,0
Roberto Bautista Agut,30-15,.23076923,2,1
Roberto Bautista Agut,30-30,.14285715,2,2
Roberto Bautista Agut,30-40,.5,2,3
Roberto Bautista Agut,40-0,.2,3,0
Roberto Bautista Agut,40-15,.25,3,1
Roberto Bautista Agut,40-30,.33333334,3,2
Roberto Bautista Agut,40-40,.11111111,3,3
Roberto Bautista Agut,40-50,0,3,4
Roberto Bautista Agut,50-40,.375,4,3
Roberto Bautista-Agut,0-0,.2538071,0,0
Roberto Bautista-Agut,0-15,.36000001,0,1
Roberto Bautista-Agut,0-30,.22222222,0,2
Roberto Bautista-Agut,0-40,.75,0,3
Roberto Bautista-Agut,15-0,.3877551,1,0
Roberto Bautista-Agut,15-15,.35955057,1,1
Roberto Bautista-Agut,15-30,.30434781,1,2
Roberto Bautista-Agut,15-40,.33333334,1,3
Roberto Bautista-Agut,30-0,.31111112,2,0
Roberto Bautista-Agut,30-15,.3882353,2,1
Roberto Bautista-Agut,30-30,.43076923,2,2
Roberto Bautista-Agut,30-40,.18421052,2,3
Roberto Bautista-Agut,40-0,.27419356,3,0
Roberto Bautista-Agut,40-15,.31884059,3,1
Roberto Bautista-Agut,40-30,.25423729,3,2
Roberto Bautista-Agut,40-40,.33333334,3,3
Roberto Bautista-Agut,40-50,.56521738,3,4
Roberto Bautista-Agut,50-40,.28260869,4,3
Robin Haase,0-0,.27184466,0,0
Robin Haase,0-15,.42857143,0,1
Robin Haase,0-30,.25,0,2
Robin Haase,0-40,.66666669,0,3
Robin Haase,15-0,.29333332,1,0
Robin Haase,15-15,.18421052,1,1
Robin Haase,15-30,.4375,1,2
Robin Haase,15-40,.5,1,3
Robin Haase,30-0,.26415095,2,0
Robin Haase,30-15,.2,2,1
Robin Haase,30-30,.27777779,2,2
Robin Haase,30-40,.33333334,2,3
Robin Haase,40-0,.23076923,3,0
Robin Haase,40-15,.22222222,3,1
Robin Haase,40-30,.34782609,3,2
Robin Haase,40-40,.30000001,3,3
Robin Haase,40-50,1,3,4
Robin Haase,50-40,.42857143,4,3
Roger Federer,0-0,.35597825,0,0
Roger Federer,0-15,.45801526,0,1
Roger Federer,0-30,.41666666,0,2
Roger Federer,0-40,.44,0,3
Roger Federer,15-0,.35021096,1,0
Roger Federer,15-15,.37662336,1,1
Roger Federer,15-30,.39784947,1,2
Roger Federer,15-40,.35294119,1,3
Roger Federer,30-0,.38311687,2,0
Roger Federer,30-15,.40000001,2,1
Roger Federer,30-30,.36440679,2,2
Roger Federer,30-40,.42105263,2,3
Roger Federer,40-0,.35789475,3,0
Roger Federer,40-15,.33858266,3,1
Roger Federer,40-30,.38135594,3,2
Roger Federer,40-40,.39664805,3,3
Roger Federer,40-50,.38028169,3,4
Roger Federer,50-40,.42592594,4,3
Ruben Bemelmans,0-0,.26666668,0,0
Ruben Bemelmans,0-15,.5,0,1
Ruben Bemelmans,0-30,.5,0,2
Ruben Bemelmans,0-40,0,0,3
Ruben Bemelmans,15-0,.63636363,1,0
Ruben Bemelmans,15-15,.33333334,1,1
Ruben Bemelmans,15-30,.75,1,2
Ruben Bemelmans,15-40,.25,1,3
Ruben Bemelmans,30-0,0,2,0
Ruben Bemelmans,30-15,.33333334,2,1
Ruben Bemelmans,30-30,.33333334,2,2
Ruben Bemelmans,30-40,.25,2,3
Ruben Bemelmans,40-0,0,3,0
Ruben Bemelmans,40-15,.25,3,1
Ruben Bemelmans,40-30,.66666669,3,2
Ruben Bemelmans,40-40,.22222222,3,3
Ruben Bemelmans,40-50,.5,3,4
Ruben Bemelmans,50-40,.42857143,4,3
Ryan Harrison,0-0,.37142858,0,0
Ryan Harrison,0-15,.38461539,0,1
Ryan Harrison,0-30,.40000001,0,2
Ryan Harrison,0-40,1,0,3
Ryan Harrison,15-0,.40909091,1,0
Ryan Harrison,15-15,.23529412,1,1
Ryan Harrison,15-30,.2857143,1,2
Ryan Harrison,15-40,0,1,3
Ryan Harrison,30-0,.30769232,2,0
Ryan Harrison,30-15,.35294119,2,1
Ryan Harrison,30-30,.27272728,2,2
Ryan Harrison,30-40,.60000002,2,3
Ryan Harrison,40-0,.33333334,3,0
Ryan Harrison,40-15,.21428572,3,1
Ryan Harrison,40-30,.45454547,3,2
Ryan Harrison,40-40,.41176471,3,3
Ryan Harrison,40-50,.14285715,3,4
Ryan Harrison,50-40,.40000001,4,3
Sam Querrey,0-0,.25531915,0,0
Sam Querrey,0-15,.30555555,0,1
Sam Querrey,0-30,.36363637,0,2
Sam Querrey,0-40,.5,0,3
Sam Querrey,15-0,.2857143,1,0
Sam Querrey,15-15,.27272728,1,1
Sam Querrey,15-30,.22727273,1,2
Sam Querrey,15-40,.5714286,1,3
Sam Querrey,30-0,.30666667,2,0
Sam Querrey,30-15,.38095239,2,1
Sam Querrey,30-30,.31707317,2,2
Sam Querrey,30-40,.3125,2,3
Sam Querrey,40-0,.34615386,3,0
Sam Querrey,40-15,.33333334,3,1
Sam Querrey,40-30,.34042552,3,2
Sam Querrey,40-40,.19512194,3,3
Sam Querrey,40-50,.375,3,4
Sam Querrey,50-40,.27272728,4,3
Samuel Groth,0-0,.21126761,0,0
Samuel Groth,0-15,.26666668,0,1
Samuel Groth,0-30,.5,0,2
Samuel Groth,0-40,0,0,3
Samuel Groth,15-0,.32142857,1,0
Samuel Groth,15-15,.13793103,1,1
Samuel Groth,15-30,.16666667,1,2
Samuel Groth,15-40,.33333334,1,3
Samuel Groth,30-0,.23684211,2,0
Samuel Groth,30-15,.29411766,2,1
Samuel Groth,30-30,.13333334,2,2
Samuel Groth,30-40,0,2,3
Samuel Groth,40-0,.31034482,3,0
Samuel Groth,40-15,.090909094,3,1
Samuel Groth,40-30,.25,3,2
Samuel Groth,40-40,0,3,3
Samuel Groth,50-40,.33333334,4,3
Santiago Giraldo,0-0,.2857143,0,0
Santiago Giraldo,0-15,.14285715,0,1
Santiago Giraldo,0-30,.5,0,2
Santiago Giraldo,0-40,0,0,3
Santiago Giraldo,15-0,.42857143,1,0
Santiago Giraldo,15-15,.33333334,1,1
Santiago Giraldo,15-30,.30000001,1,2
Santiago Giraldo,15-40,.5,1,3
Santiago Giraldo,30-0,.34999999,2,0
Santiago Giraldo,30-15,.44,2,1
Santiago Giraldo,30-30,.22222222,2,2
Santiago Giraldo,30-40,.33333334,2,3
Santiago Giraldo,40-0,.30769232,3,0
Santiago Giraldo,40-15,.5,3,1
Santiago Giraldo,40-30,.26086956,3,2
Santiago Giraldo,40-40,.57692307,3,3
Santiago Giraldo,40-50,.26666668,3,4
Santiago Giraldo,50-40,.45454547,4,3
Sergiy Stakhovsky,0-0,.25,0,0
Sergiy Stakhovsky,0-15,.37837839,0,1
Sergiy Stakhovsky,0-30,.2857143,0,2
Sergiy Stakhovsky,0-40,.5,0,3
Sergiy Stakhovsky,15-0,.27027026,1,0
Sergiy Stakhovsky,15-15,.26415095,1,1
Sergiy Stakhovsky,15-30,.625,1,2
Sergiy Stakhovsky,15-40,.41176471,1,3
Sergiy Stakhovsky,30-0,.24691358,2,0
Sergiy Stakhovsky,30-15,.33898306,2,1
Sergiy Stakhovsky,30-30,.34482759,2,2
Sergiy Stakhovsky,30-40,.40000001,2,3
Sergiy Stakhovsky,40-0,.26229507,3,0
Sergiy Stakhovsky,40-15,.25454545,3,1
Sergiy Stakhovsky,40-30,.33333334,3,2
Sergiy Stakhovsky,40-40,.29824561,3,3
Sergiy Stakhovsky,40-50,.11764706,3,4
Sergiy Stakhovsky,50-40,.47499999,4,3
Simone Bolelli,0-0,.24657534,0,0
Simone Bolelli,0-15,.4074074,0,1
Simone Bolelli,0-30,.22727273,0,2
Simone Bolelli,0-40,.60000002,0,3
Simone Bolelli,15-0,.29090908,1,0
Simone Bolelli,15-15,.27500001,1,1
Simone Bolelli,15-30,.33333334,1,2
Simone Bolelli,15-40,.13333334,1,3
Simone Bolelli,30-0,.25641027,2,0
Simone Bolelli,30-15,.19318181,2,1
Simone Bolelli,30-30,.39534885,2,2
Simone Bolelli,30-40,.30000001,2,3
Simone Bolelli,40-0,.32183909,3,0
Simone Bolelli,40-15,.3131313,3,1
Simone Bolelli,40-30,.31578946,3,2
Simone Bolelli,40-40,.27692309,3,3
Simone Bolelli,40-50,.16666667,3,4
Simone Bolelli,50-40,.23404256,4,3
Stan Wawrinka,0-0,.34650457,0,0
Stan Wawrinka,0-15,.2631579,0,1
Stan Wawrinka,0-30,.33333334,0,2
Stan Wawrinka,0-40,.5,0,3
Stan Wawrinka,15-0,.35813954,1,0
Stan Wawrinka,15-15,.34782609,1,1
Stan Wawrinka,15-30,.31578946,1,2
Stan Wawrinka,15-40,.41379312,1,3
Stan Wawrinka,30-0,.23188406,2,0
Stan Wawrinka,30-15,.270073,2,1
Stan Wawrinka,30-30,.44943821,2,2
Stan Wawrinka,30-40,.31578946,2,3
Stan Wawrinka,40-0,.32075471,3,0
Stan Wawrinka,40-15,.28358209,3,1
Stan Wawrinka,40-30,.44827586,3,2
Stan Wawrinka,40-40,.41059601,3,3
Stan Wawrinka,40-50,.40322581,3,4
Stan Wawrinka,50-40,.40449437,4,3
Steve Darcis,0-0,.17647059,0,0
Steve Darcis,0-15,0,0,1
Steve Darcis,15-0,.25,1,0
Steve Darcis,15-15,.15384616,1,1
Steve Darcis,15-30,.5,1,2
Steve Darcis,15-40,0,1,3
Steve Darcis,30-0,.38095239,2,0
Steve Darcis,30-15,.31578946,2,1
Steve Darcis,30-30,.14285715,2,2
Steve Darcis,30-40,1,2,3
Steve Darcis,40-0,.30769232,3,0
Steve Darcis,40-15,.47058824,3,1
Steve Darcis,40-30,.5714286,3,2
Steve Darcis,40-40,.21428572,3,3
Steve Darcis,40-50,0,3,4
Steve Darcis,50-40,.27272728,4,3
Steve Johnson,0-0,.2658228,0,0
Steve Johnson,0-15,.22222222,0,1
Steve Johnson,0-30,.5,0,2
Steve Johnson,0-40,.14285715,0,3
Steve Johnson,15-0,.30459771,1,0
Steve Johnson,15-15,.29411766,1,1
Steve Johnson,15-30,.27027026,1,2
Steve Johnson,15-40,.25,1,3
Steve Johnson,30-0,.22314049,2,0
Steve Johnson,30-15,.30303031,2,1
Steve Johnson,30-30,.28070176,2,2
Steve Johnson,30-40,.2857143,2,3
Steve Johnson,40-0,.26595744,3,0
Steve Johnson,40-15,.32978722,3,1
Steve Johnson,40-30,.2638889,3,2
Steve Johnson,40-40,.30555555,3,3
Steve Johnson,40-50,.27272728,3,4
Steve Johnson,50-40,.34,4,3
Tatsuma Ito,0-0,.30434781,0,0
Tatsuma Ito,0-15,.5714286,0,1
Tatsuma Ito,0-30,0,0,2
Tatsuma Ito,15-0,.5,1,0
Tatsuma Ito,15-15,.54545456,1,1
Tatsuma Ito,15-30,.5,1,2
Tatsuma Ito,15-40,.60000002,1,3
Tatsuma Ito,30-0,.125,2,0
Tatsuma Ito,30-15,.16666667,2,1
Tatsuma Ito,30-30,0,2,2
Tatsuma Ito,30-40,0,2,3
Tatsuma Ito,40-0,.2857143,3,0
Tatsuma Ito,40-15,.42857143,3,1
Tatsuma Ito,40-30,.33333334,3,2
Tatsuma Ito,40-40,.36363637,3,3
Tatsuma Ito,40-50,.25,3,4
Tatsuma Ito,50-40,.42857143,4,3
Teimuraz Gabashvili,0-0,.42105263,0,0
Teimuraz Gabashvili,0-15,.125,0,1
Teimuraz Gabashvili,0-30,0,0,2
Teimuraz Gabashvili,15-0,.36363637,1,0
Teimuraz Gabashvili,15-15,.45454547,1,1
Teimuraz Gabashvili,15-30,0,1,2
Teimuraz Gabashvili,30-0,.2857143,2,0
Teimuraz Gabashvili,30-15,.25,2,1
Teimuraz Gabashvili,30-30,.25,2,2
Teimuraz Gabashvili,30-40,.5,2,3
Teimuraz Gabashvili,40-0,.60000002,3,0
Teimuraz Gabashvili,40-15,.22222222,3,1
Teimuraz Gabashvili,40-30,.125,3,2
Teimuraz Gabashvili,40-40,.5,3,3
Teimuraz Gabashvili,40-50,1,3,4
Teimuraz Gabashvili,50-40,0,4,3
Teymuraz Gabashvili,0-0,.25,0,0
Teymuraz Gabashvili,0-15,.33333334,0,1
Teymuraz Gabashvili,0-30,.5,0,2
Teymuraz Gabashvili,0-40,0,0,3
Teymuraz Gabashvili,15-0,.47222221,1,0
Teymuraz Gabashvili,15-15,.36000001,1,1
Teymuraz Gabashvili,15-30,.18181819,1,2
Teymuraz Gabashvili,15-40,.25,1,3
Teymuraz Gabashvili,30-0,.15789473,2,0
Teymuraz Gabashvili,30-15,.21052632,2,1
Teymuraz Gabashvili,30-30,.38461539,2,2
Teymuraz Gabashvili,30-40,.25,2,3
Teymuraz Gabashvili,40-0,.25,3,0
Teymuraz Gabashvili,40-15,.15789473,3,1
Teymuraz Gabashvili,40-30,.54545456,3,2
Teymuraz Gabashvili,40-40,.07692308,3,3
Teymuraz Gabashvili,40-50,1,3,4
Teymuraz Gabashvili,50-40,.083333336,4,3
Thanasi Kokkinakis,0-0,.2857143,0,0
Thanasi Kokkinakis,0-15,.33333334,0,1
Thanasi Kokkinakis,0-30,.625,0,2
Thanasi Kokkinakis,0-40,.40000001,0,3
Thanasi Kokkinakis,15-0,.36666667,1,0
Thanasi Kokkinakis,15-15,.34210527,1,1
Thanasi Kokkinakis,15-30,.1875,1,2
Thanasi Kokkinakis,15-40,0,1,3
Thanasi Kokkinakis,30-0,.31578946,2,0
Thanasi Kokkinakis,30-15,.2972973,2,1
Thanasi Kokkinakis,30-30,.125,2,2
Thanasi Kokkinakis,30-40,.11111111,2,3
Thanasi Kokkinakis,40-0,.42307693,3,0
Thanasi Kokkinakis,40-15,.43243244,3,1
Thanasi Kokkinakis,40-30,.43243244,3,2
Thanasi Kokkinakis,40-40,.35555556,3,3
Thanasi Kokkinakis,40-50,.3125,3,4
Thanasi Kokkinakis,50-40,.34482759,4,3
Thiemo de Bakker,0-0,.35897437,0,0
Thiemo de Bakker,0-15,.35714287,0,1
Thiemo de Bakker,0-30,.80000001,0,2
Thiemo de Bakker,0-40,.25,0,3
Thiemo de Bakker,15-0,.28,1,0
Thiemo de Bakker,15-15,.3125,1,1
Thiemo de Bakker,15-30,.5,1,2
Thiemo de Bakker,15-40,.66666669,1,3
Thiemo de Bakker,30-0,.3888889,2,0
Thiemo de Bakker,30-15,.27777779,2,1
Thiemo de Bakker,30-30,.25,2,2
Thiemo de Bakker,30-40,.25,2,3
Thiemo de Bakker,40-0,.18181819,3,0
Thiemo de Bakker,40-15,.40000001,3,1
Thiemo de Bakker,40-30,.5,3,2
Thiemo de Bakker,40-40,.3125,3,3
Thiemo de Bakker,40-50,.60000002,3,4
Thiemo de Bakker,50-40,.45454547,4,3
Thomas Fabbiano,0-0,.30000001,0,0
Thomas Fabbiano,0-15,0,0,1
Thomas Fabbiano,15-0,.14285715,1,0
Thomas Fabbiano,15-15,0,1,1
Thomas Fabbiano,30-0,.33333334,2,0
Thomas Fabbiano,30-15,.5,2,1
Thomas Fabbiano,30-30,0,2,2
Thomas Fabbiano,40-0,0,3,0
Thomas Fabbiano,40-15,0,3,1
Thomas Fabbiano,40-30,.66666669,3,2
Thomas Fabbiano,40-40,.5,3,3
Thomas Fabbiano,40-50,1,3,4
Thomas Fabbiano,50-40,0,4,3
Thomaz Bellucci,0-0,.31638417,0,0
Thomaz Bellucci,0-15,.35714287,0,1
Thomaz Bellucci,0-30,.050000001,0,2
Thomaz Bellucci,0-40,0,0,3
Thomaz Bellucci,15-0,.2644628,1,0
Thomaz Bellucci,15-15,.2647059,1,1
Thomaz Bellucci,15-30,.2972973,1,2
Thomaz Bellucci,15-40,.5,1,3
Thomaz Bellucci,30-0,.28089887,2,0
Thomaz Bellucci,30-15,.23999999,2,1
Thomaz Bellucci,30-30,.15909091,2,2
Thomaz Bellucci,30-40,.38461539,2,3
Thomaz Bellucci,40-0,.390625,3,0
Thomaz Bellucci,40-15,.28048781,3,1
Thomaz Bellucci,40-30,.33333334,3,2
Thomaz Bellucci,40-40,.3877551,3,3
Thomaz Bellucci,40-50,.31578946,3,4
Thomaz Bellucci,50-40,.26666668,4,3
Tim Smyczek,0-0,.34782609,0,0
Tim Smyczek,0-15,.5,0,1
Tim Smyczek,0-30,.5,0,2
Tim Smyczek,0-40,.33333334,0,3
Tim Smyczek,15-0,.33333334,1,0
Tim Smyczek,15-15,.22222222,1,1
Tim Smyczek,15-30,.25,1,2
Tim Smyczek,15-40,.2857143,1,3
Tim Smyczek,30-0,.30000001,2,0
Tim Smyczek,30-15,.23333333,2,1
Tim Smyczek,30-30,.125,2,2
Tim Smyczek,30-40,.14285715,2,3
Tim Smyczek,40-0,.2857143,3,0
Tim Smyczek,40-15,.20689656,3,1
Tim Smyczek,40-30,.30000001,3,2
Tim Smyczek,40-40,.21052632,3,3
Tim Smyczek,40-50,.25,3,4
Tim Smyczek,50-40,.26666668,4,3
Tobias Kamke,0-0,.25806451,0,0
Tobias Kamke,0-15,.625,0,1
Tobias Kamke,0-30,0,0,2
Tobias Kamke,15-0,.34782609,1,0
Tobias Kamke,15-15,.18181819,1,1
Tobias Kamke,15-30,.5714286,1,2
Tobias Kamke,15-40,.25,1,3
Tobias Kamke,30-0,.40000001,2,0
Tobias Kamke,30-15,.26666668,2,1
Tobias Kamke,30-30,.5714286,2,2
Tobias Kamke,30-40,0,2,3
Tobias Kamke,40-0,.22222222,3,0
Tobias Kamke,40-15,.30769232,3,1
Tobias Kamke,40-30,.5714286,3,2
Tobias Kamke,40-40,.375,3,3
Tobias Kamke,40-50,.5,3,4
Tobias Kamke,50-40,.2,4,3
Tomas Berdych,0-0,.36956522,0,0
Tomas Berdych,0-15,.42016807,0,1
Tomas Berdych,0-30,.40000001,0,2
Tomas Berdych,0-40,.60000002,0,3
Tomas Berdych,15-0,.42857143,1,0
Tomas Berdych,15-15,.33333334,1,1
Tomas Berdych,15-30,.34146342,1,2
Tomas Berdych,15-40,.3611111,1,3
Tomas Berdych,30-0,.29310346,2,0
Tomas Berdych,30-15,.34057972,2,1
Tomas Berdych,30-30,.31683168,2,2
Tomas Berdych,30-40,.45454547,2,3
Tomas Berdych,40-0,.29268292,3,0
Tomas Berdych,40-15,.33043477,3,1
Tomas Berdych,40-30,.30841121,3,2
Tomas Berdych,40-40,.27173913,3,3
Tomas Berdych,40-50,.56,3,4
Tomas Berdych,50-40,.26865673,4,3
Tommy Haas,0-0,.21818182,0,0
Tommy Haas,0-15,.5,0,1
Tommy Haas,0-30,0,0,2
Tommy Haas,15-0,.30232558,1,0
Tommy Haas,15-15,.2631579,1,1
Tommy Haas,15-30,.27272728,1,2
Tommy Haas,15-40,.33333334,1,3
Tommy Haas,30-0,.23333333,2,0
Tommy Haas,30-15,.095238097,2,1
Tommy Haas,30-30,0,2,2
Tommy Haas,30-40,.5,2,3
Tommy Haas,40-0,.17391305,3,0
Tommy Haas,40-15,.26086956,3,1
Tommy Haas,40-30,.125,3,2
Tommy Haas,40-40,.2,3,3
Tommy Haas,40-50,0,3,4
Tommy Haas,50-40,.25,4,3
Tommy Robredo,0-0,.19444445,0,0
Tommy Robredo,0-15,.35714287,0,1
Tommy Robredo,0-30,.40000001,0,2
Tommy Robredo,0-40,1,0,3
Tommy Robredo,15-0,.29310346,1,0
Tommy Robredo,15-15,.26923078,1,1
Tommy Robredo,15-30,0,1,2
Tommy Robredo,30-0,.2682927,2,0
Tommy Robredo,30-15,.30000001,2,1
Tommy Robredo,30-30,.42105263,2,2
Tommy Robredo,30-40,.25,2,3
Tommy Robredo,40-0,.46666667,3,0
Tommy Robredo,40-15,.22857143,3,1
Tommy Robredo,40-30,.36842105,3,2
Tommy Robredo,40-40,.13636364,3,3
Tommy Robredo,40-50,0,3,4
Tommy Robredo,50-40,.31578946,4,3
Vasek Pospisil,0-0,.30701753,0,0
Vasek Pospisil,0-15,.25714287,0,1
Vasek Pospisil,0-30,.22222222,0,2
Vasek Pospisil,0-40,.5,0,3
Vasek Pospisil,15-0,.39240506,1,0
Vasek Pospisil,15-15,.24561404,1,1
Vasek Pospisil,15-30,.19047619,1,2
Vasek Pospisil,15-40,.40000001,1,3
Vasek Pospisil,30-0,.1875,2,0
Vasek Pospisil,30-15,.25,2,1
Vasek Pospisil,30-30,.36666667,2,2
Vasek Pospisil,30-40,.42857143,2,3
Vasek Pospisil,40-0,.33333334,3,0
Vasek Pospisil,40-15,.25,3,1
Vasek Pospisil,40-30,.15625,3,2
Vasek Pospisil,40-40,.22727273,3,3
Vasek Pospisil,40-50,.40000001,3,4
Vasek Pospisil,50-40,.35294119,4,3
Victor Estrella,0-0,.42500001,0,0
Victor Estrella,0-15,.41176471,0,1
Victor Estrella,0-30,.42857143,0,2
Victor Estrella,0-40,.66666669,0,3
Victor Estrella,15-0,.2173913,1,0
Victor Estrella,15-15,.13333334,1,1
Victor Estrella,15-30,.33333334,1,2
Victor Estrella,15-40,.66666669,1,3
Victor Estrella,30-0,0,2,0
Victor Estrella,30-15,.07692308,2,1
Victor Estrella,30-30,.2,2,2
Victor Estrella,30-40,.5,2,3
Victor Estrella,40-0,.22222222,3,0
Victor Estrella,40-15,.375,3,1
Victor Estrella,40-30,.40000001,3,2
Victor Estrella,40-40,.33333334,3,3
Victor Estrella,40-50,.33333334,3,4
Victor Estrella,50-40,.33333334,4,3
Victor Estrella Burgos,0-0,.21621622,0,0
Victor Estrella Burgos,0-15,.5,0,1
Victor Estrella Burgos,0-30,.5,0,2
Victor Estrella Burgos,0-40,.5,0,3
Victor Estrella Burgos,15-0,.37931034,1,0
Victor Estrella Burgos,15-15,.26666668,1,1
Victor Estrella Burgos,15-30,.16666667,1,2
Victor Estrella Burgos,15-40,0,1,3
Victor Estrella Burgos,30-0,.33333334,2,0
Victor Estrella Burgos,30-15,.23529412,2,1
Victor Estrella Burgos,30-30,.33333334,2,2
Victor Estrella Burgos,30-40,.40000001,2,3
Victor Estrella Burgos,40-0,.16666667,3,0
Victor Estrella Burgos,40-15,.26666668,3,1
Victor Estrella Burgos,40-30,.30000001,3,2
Victor Estrella Burgos,40-40,.25,3,3
Victor Estrella Burgos,40-50,.5,3,4
Victor Estrella Burgos,50-40,.16666667,4,3
Viktor Troicki,0-0,.30219781,0,0
Viktor Troicki,0-15,.32727271,0,1
Viktor Troicki,0-30,.27777779,0,2
Viktor Troicki,0-40,.40000001,0,3
Viktor Troicki,15-0,.37795275,1,0
Viktor Troicki,15-15,.25882354,1,1
Viktor Troicki,15-30,.2857143,1,2
Viktor Troicki,15-40,.15384616,1,3
Viktor Troicki,30-0,.37974682,2,0
Viktor Troicki,30-15,.33333334,2,1
Viktor Troicki,30-30,.30357143,2,2
Viktor Troicki,30-40,.2857143,2,3
Viktor Troicki,40-0,.32653061,3,0
Viktor Troicki,40-15,.32051283,3,1
Viktor Troicki,40-30,.375,3,2
Viktor Troicki,40-40,.33333334,3,3
Viktor Troicki,40-50,.26666668,3,4
Viktor Troicki,50-40,.40000001,4,3
Yen-Hsun Lu,0-0,.26506025,0,0
Yen-Hsun Lu,0-15,.31818181,0,1
Yen-Hsun Lu,0-30,0,0,2
Yen-Hsun Lu,15-0,.32786885,1,0
Yen-Hsun Lu,15-15,.2857143,1,1
Yen-Hsun Lu,15-30,.64705884,1,2
Yen-Hsun Lu,15-40,.18181819,1,3
Yen-Hsun Lu,30-0,.24390244,2,0
Yen-Hsun Lu,30-15,.40000001,2,1
Yen-Hsun Lu,30-30,.30000001,2,2
Yen-Hsun Lu,30-40,.46666667,2,3
Yen-Hsun Lu,40-0,.51612902,3,0
Yen-Hsun Lu,40-15,.45945945,3,1
Yen-Hsun Lu,40-30,.38709676,3,2
Yen-Hsun Lu,40-40,.34285715,3,3
Yen-Hsun Lu,40-50,.41666666,3,4
Yen-Hsun Lu,50-40,.34782609,4,3
Yoshihito Nishioka,0-0,.45454547,0,0
Yoshihito Nishioka,0-15,.5,0,1
Yoshihito Nishioka,0-30,.2,0,2
Yoshihito Nishioka,0-40,0,0,3
Yoshihito Nishioka,15-0,.16666667,1,0
Yoshihito Nishioka,15-15,.14285715,1,1
Yoshihito Nishioka,15-30,.60000002,1,2
Yoshihito Nishioka,15-40,0,1,3
Yoshihito Nishioka,30-0,.1,2,0
Yoshihito Nishioka,30-15,0,2,1
Yoshihito Nishioka,30-30,.5,2,2
Yoshihito Nishioka,30-40,0,2,3
Yoshihito Nishioka,40-0,.44444445,3,0
Yoshihito Nishioka,40-15,.090909094,3,1
Yoshihito Nishioka,40-30,0,3,2
Yoshihito Nishioka,40-40,0,3,3
Yoshihito Nishioka,50-40,0,4,3
Yuki Bhambri,0-0,.25,0,0
Yuki Bhambri,0-15,.5,0,1
Yuki Bhambri,0-30,0,0,2
Yuki Bhambri,15-0,.58333331,1,0
Yuki Bhambri,15-15,.11111111,1,1
Yuki Bhambri,15-30,.33333334,1,2
Yuki Bhambri,15-40,0,1,3
Yuki Bhambri,30-0,.2,2,0
Yuki Bhambri,30-15,.11111111,2,1
Yuki Bhambri,30-30,.66666669,2,2
Yuki Bhambri,30-40,.33333334,2,3
Yuki Bhambri,40-0,0,3,0
Yuki Bhambri,40-15,.125,3,1
Yuki Bhambri,40-30,.5,3,2
Yuki Bhambri,40-40,.33333334,3,3
Yuki Bhambri,40-50,1,3,4
Yuki Bhambri,50-40,0,4,3
Ze Zhang,0-0,0,0,0
Ze Zhang,15-0,.375,1,0
Ze Zhang,15-15,0,1,1
Ze Zhang,30-0,.40000001,2,0
Ze Zhang,30-15,.60000002,2,1
Ze Zhang,30-30,0,2,2
Ze Zhang,40-0,.33333334,3,0
Ze Zhang,40-15,0,3,1
Ze Zhang,40-30,0,3,2
